ID_Étudiant,Âge,Genre,Niveau_Scolaire,Moyenne_Générale,Notes_Maths,Notes_Français,Nombre_Absences,Retards,Participation_Classe,Niveau_Éducation_Parents,Revenu_Familial,Accès_Internet,Soutien_Scolaire,Problèmes_Santé_Mentale,Distance_École_km,Activités_Extrascolaires,Statut
389,19,0,1,19.4,16.3,5.8,6,6,1,1,1,0,1,0,1.7,1,1
1196,23,0,0,6.5,14.6,18.5,9,4,3,2,0,0,1,2,2.8,1,0
561,18,1,2,12.7,9.1,12.7,6,8,4,0,1,1,0,1,10.0,2,1
86,22,1,1,13.1,18.3,10.9,4,7,4,2,2,0,0,1,6.4,2,1
451,19,1,1,8.7,10.7,13.8,7,7,3,1,1,0,0,1,10.2,1,0
1174,16,1,0,9.6,13.1,6.9,12,8,1,2,1,0,0,2,0.2,0,0
873,18,0,0,13.9,12.3,13.2,4,5,3,1,2,0,0,0,0.7,2,1
999,16,1,0,15.3,13.5,15.3,6,8,5,1,0,0,1,2,1.5,1,1
1520,18,1,0,14.6,11.5,11.3,5,5,4,1,2,1,1,1,0.5,2,1
1249,17,1,2,13.7,17.0,10.8,8,7,3,0,2,1,1,0,2.2,2,1
50,22,0,2,12.3,6.3,10.1,10,4,1,2,0,0,0,0,6.8,2,0
1458,16,1,0,11.1,18.5,9.1,8,9,4,2,1,1,0,0,1.9,1,0
902,15,1,0,14.2,8.9,8.5,6,8,3,0,1,0,0,2,1.9,2,0
903,19,0,2,13.4,19.7,16.6,8,5,2,1,1,1,0,1,10.4,1,0
778,22,0,1,13.5,14.5,5.0,6,11,3,1,1,0,1,0,9.3,1,1
215,23,0,0,13.3,9.1,12.1,8,4,5,2,0,1,0,2,0.1,0,1
1095,20,1,0,8.9,11.3,17.8,10,2,2,0,2,1,0,0,1.4,1,0
133,17,0,1,13.7,8.8,9.5,8,8,1,2,1,1,0,0,1.4,1,0
1010,15,1,0,17.5,9.9,12.2,10,4,3,2,0,0,1,2,1.6,1,1
1040,24,0,1,10.6,11.9,12.3,11,10,1,2,1,0,1,0,5.2,2,0
1191,20,1,2,13.5,17.1,13.4,10,6,5,1,1,0,1,2,2.0,2,0
49,21,0,0,16.3,8.5,15.5,8,2,4,1,0,1,0,0,2.0,0,0
1155,21,1,0,13.2,20.0,10.2,3,5,4,1,2,1,1,2,7.4,2,1
515,17,1,0,9.8,15.5,5.0,11,7,1,0,2,1,1,0,0.7,0,0
1416,16,1,2,14.6,11.2,8.9,8,4,3,2,1,0,1,2,6.7,0,0
1341,21,1,1,16.3,12.1,12.3,6,6,5,1,2,0,0,0,8.3,0,1
247,15,1,0,11.6,6.8,9.7,11,5,3,0,1,1,0,2,0.1,2,0
233,16,1,0,6.7,9.8,15.1,5,6,5,0,1,1,1,0,2.5,2,1
965,15,1,1,13.5,14.0,11.4,9,4,5,1,1,0,1,1,3.4,1,1
836,20,0,0,13.4,7.8,16.9,11,11,4,1,2,1,1,1,6.4,2,0
528,19,1,0,11.3,10.1,8.3,5,3,5,1,1,0,0,1,2.1,2,1
644,16,0,0,14.8,6.8,11.5,9,4,4,1,1,1,1,1,3.0,0,1
1600,20,1,1,15.6,10.2,12.6,10,1,3,0,1,1,1,2,1.8,2,1
824,20,1,0,10.8,5.1,7.8,4,4,4,2,0,0,0,2,11.1,2,0
937,23,0,2,13.6,7.1,14.1,10,6,2,1,0,1,1,0,2.7,0,0
325,16,1,0,15.7,13.1,12.8,4,6,1,2,1,1,1,1,0.1,1,1
1362,17,1,0,12.3,6.7,12.4,4,2,1,2,2,0,1,1,2.0,0,1
275,17,1,1,12.5,15.2,12.1,6,7,2,2,1,1,1,2,0.6,1,0
1310,17,1,1,11.3,12.2,11.9,10,10,3,2,1,1,1,2,9.6,0,0
164,18,1,2,14.3,6.6,12.6,10,8,3,1,0,0,0,0,0.0,2,1
1522,15,0,0,9.1,11.8,16.8,8,3,4,0,0,1,0,0,10.3,1,0
373,18,1,2,9.4,14.0,14.7,10,4,2,2,1,1,0,2,13.2,0,0
879,18,0,0,10.0,16.8,10.3,2,5,5,2,0,0,1,0,11.9,1,0
615,24,0,1,12.8,13.0,11.2,6,3,5,0,2,0,0,1,1.0,2,1
538,24,1,0,13.1,12.5,11.9,8,5,4,2,0,1,1,2,2.1,1,0
607,24,0,1,10.5,13.2,14.8,5,5,1,2,1,0,1,1,2.9,1,0
1366,16,0,0,14.9,11.1,13.0,4,2,2,2,1,1,0,0,0.3,0,1
1590,22,0,0,11.7,8.2,8.3,5,7,4,1,2,0,0,2,1.1,1,1
637,16,1,2,9.5,9.1,8.9,7,7,1,1,0,0,0,1,10.4,0,0
847,19,0,0,15.7,9.0,8.2,8,4,1,1,1,0,0,1,4.6,2,1
975,18,1,2,15.1,11.0,10.1,8,1,4,2,2,1,0,0,5.2,2,1
141,24,1,2,11.8,12.1,12.9,2,6,5,2,2,1,1,1,5.0,2,1
630,16,0,1,9.8,7.8,13.4,15,6,5,2,0,0,1,2,2.2,0,0
299,17,1,1,14.4,10.8,7.1,7,7,4,0,2,0,1,0,1.5,2,1
1526,21,1,1,10.7,16.0,14.2,9,4,2,1,2,1,0,0,0.3,1,0
1090,16,1,0,9.1,5.0,9.7,11,6,3,1,0,1,1,0,6.4,0,0
306,15,1,0,10.1,13.0,9.1,10,10,3,0,0,1,0,0,6.3,0,0
1377,19,1,1,13.4,15.3,16.6,13,7,1,0,1,1,1,2,10.0,0,0
32,17,1,0,14.3,9.4,10.8,6,3,3,2,2,1,1,2,0.3,0,1
1547,17,0,0,16.4,14.1,13.9,4,5,1,1,1,0,1,1,2.2,1,1
881,15,1,0,6.5,11.7,17.1,8,5,5,0,2,1,1,1,17.9,2,0
323,16,1,1,10.0,12.6,14.0,12,3,3,1,2,0,1,1,3.4,1,0
196,22,0,1,13.6,12.3,19.1,7,7,2,1,1,0,1,0,5.8,0,1
1179,16,1,1,8.7,11.3,13.4,7,0,2,0,0,1,0,0,4.6,1,0
787,21,0,0,12.8,6.7,10.8,12,6,3,2,2,0,0,2,3.5,1,0
794,17,1,0,17.5,15.9,8.2,6,5,1,0,2,1,0,0,5.1,2,1
1105,17,0,0,13.7,14.0,9.2,10,5,4,2,1,0,0,0,11.2,1,1
1258,23,1,1,11.8,13.4,16.5,9,8,4,1,2,0,1,0,3.0,0,1
1037,18,0,1,12.9,10.7,5.0,12,2,4,2,1,1,1,1,7.2,0,1
1355,24,0,2,13.5,18.5,11.1,7,10,5,0,2,0,1,0,1.1,0,1
1553,20,1,0,16.8,15.4,9.4,10,3,1,2,2,1,0,2,7.9,2,0
1016,23,0,1,13.5,13.4,15.7,5,8,3,1,2,0,0,2,0.9,2,1
393,15,0,2,16.0,11.6,13.9,9,3,3,1,0,0,0,1,3.1,1,1
1373,23,0,0,10.9,12.7,13.3,5,5,1,0,1,1,1,0,0.5,1,0
1462,22,1,1,14.2,7.4,13.6,7,2,2,0,0,1,1,0,0.8,0,0
947,17,0,0,13.1,15.2,15.0,6,4,3,0,0,1,0,0,7.8,0,1
688,20,0,0,13.1,9.4,8.2,14,8,2,0,0,1,1,0,3.1,0,0
395,24,0,2,11.6,11.8,9.7,5,5,2,0,1,1,1,1,4.5,0,1
68,22,1,0,6.7,5.0,14.4,4,6,1,2,0,0,1,1,4.6,1,0
1160,20,0,1,12.3,9.7,13.0,8,6,2,1,0,0,0,1,11.5,0,0
1527,24,0,1,10.2,11.4,15.6,5,5,3,1,2,1,0,2,2.7,0,0
871,18,0,1,13.0,7.5,12.2,5,6,2,2,1,0,0,1,15.7,2,0
239,23,0,0,11.3,7.6,7.4,5,5,3,1,0,0,1,1,3.0,1,1
54,16,1,1,8.8,15.2,12.6,6,1,1,0,2,0,0,2,1.2,0,0
929,22,0,2,13.8,7.9,10.4,7,2,3,2,1,0,1,0,0.1,1,1
280,21,0,2,15.8,12.0,8.0,7,3,2,1,1,1,1,1,0.6,1,1
943,22,0,1,11.1,14.4,7.3,6,3,2,0,1,0,1,0,0.8,2,1
1223,15,1,2,11.3,5.9,17.0,13,4,3,1,0,1,1,2,10.5,0,0
1400,17,0,0,13.8,13.7,12.5,7,7,5,0,1,0,1,0,0.6,2,1
266,18,1,2,11.9,8.5,14.9,6,4,4,2,2,1,0,0,12.7,0,1
708,17,1,2,14.2,16.8,9.8,9,4,4,1,0,1,0,0,3.6,2,0
175,22,0,1,12.4,18.6,16.5,10,8,2,2,1,0,1,1,0.7,1,0
84,15,0,1,12.7,12.0,18.4,6,5,1,0,2,1,0,0,1.1,0,1
476,22,0,1,14.8,12.6,12.5,3,3,4,1,2,0,0,0,2.3,1,1
265,23,1,1,15.4,10.0,10.2,13,6,5,0,0,1,0,1,13.7,0,0
152,21,0,0,14.0,9.4,15.7,5,6,3,0,0,1,1,0,0.1,1,1
64,24,1,2,12.5,5.0,15.6,6,3,1,1,1,1,1,1,2.6,1,1
225,21,1,1,12.7,5.0,13.7,5,10,1,0,2,0,0,1,5.4,1,0
1300,15,0,2,8.4,5.0,5.7,15,2,2,0,2,1,0,1,2.6,0,0
693,19,1,0,7.6,12.8,14.2,4,2,4,1,0,0,1,2,0.7,1,0
1456,22,1,1,8.5,14.7,16.1,13,4,2,1,1,0,1,0,7.6,0,0
915,23,1,2,8.7,13.2,10.6,9,3,1,2,2,1,1,1,1.4,1,0
542,21,1,0,10.7,10.3,14.8,5,4,2,2,1,1,1,1,1.1,2,1
6,24,0,1,14.7,7.8,6.7,5,1,4,0,0,1,1,2,2.0,2,1
841,21,1,0,9.7,7.2,14.2,7,7,4,2,2,0,1,0,0.3,1,1
564,20,1,0,14.1,8.8,11.9,15,5,5,2,1,0,1,2,5.1,2,0
882,20,0,0,14.8,11.9,13.7,8,5,5,1,2,1,1,1,11.2,1,1
893,15,0,0,16.7,7.7,13.8,3,4,1,1,0,0,0,0,10.6,1,1
1217,15,0,2,12.6,8.0,9.3,6,12,2,1,1,1,1,0,11.0,1,0
409,17,0,0,12.2,12.7,9.6,9,3,3,0,2,1,0,2,5.4,2,0
714,22,0,1,13.1,12.7,11.1,4,6,5,2,1,0,0,0,2.0,0,1
651,15,1,2,14.0,14.5,6.4,6,3,5,2,0,1,1,2,3.4,1,1
1426,19,1,2,15.9,9.2,15.4,10,4,4,2,2,1,0,0,0.5,1,1
1304,20,0,0,8.1,13.0,12.0,2,4,1,1,2,0,1,1,4.2,2,0
1496,21,0,0,11.5,11.6,12.1,12,10,2,1,2,1,1,0,3.4,2,0
887,21,0,2,12.9,16.3,10.1,10,5,3,0,2,0,0,0,4.6,0,0
1276,15,0,2,10.5,12.2,10.6,6,2,3,0,0,1,1,1,1.2,1,1
173,19,0,1,16.4,10.4,8.7,3,4,3,1,1,1,0,1,0.2,2,1
967,20,0,2,14.4,13.2,9.5,3,4,4,0,2,0,1,1,0.4,2,1
1450,15,1,0,14.0,14.0,12.7,8,7,5,1,2,1,0,0,13.0,2,1
1363,22,1,0,14.3,16.6,12.1,6,3,4,0,1,0,1,2,3.9,0,1
277,15,1,0,16.8,14.9,12.3,9,4,4,2,2,1,1,2,9.6,0,1
1025,21,0,1,15.6,12.9,11.1,8,2,5,2,1,1,0,1,11.6,1,1
1395,23,1,0,11.0,20.0,13.3,7,3,4,1,1,1,1,0,1.9,0,1
1283,17,1,2,10.8,18.0,6.9,8,4,5,1,2,0,0,2,0.2,2,1
295,15,0,0,16.9,6.8,12.5,4,5,1,0,0,0,1,1,0.6,2,1
516,24,1,1,17.0,11.0,9.2,9,2,5,2,1,1,1,1,5.2,0,1
105,22,0,1,13.6,8.1,16.5,6,5,4,0,2,0,0,1,3.3,0,1
612,22,1,1,16.0,12.3,17.6,4,8,1,2,1,0,1,1,0.8,2,1
738,22,1,2,10.4,16.6,10.7,5,2,4,2,1,1,0,0,4.1,0,1
1237,16,1,0,15.7,8.0,12.1,6,5,3,1,0,1,1,1,1.3,1,0
589,20,1,2,19.0,8.5,11.8,6,4,1,0,0,0,1,2,5.3,0,1
19,20,1,0,10.6,18.8,12.1,6,5,1,0,1,1,0,1,6.3,2,0
7,17,1,0,12.0,14.7,15.2,11,2,2,1,2,1,1,0,21.9,0,0
179,16,0,2,16.9,15.2,9.9,7,6,3,0,2,1,1,0,2.9,0,1
187,19,1,1,18.2,9.7,14.0,7,3,3,1,2,0,1,1,8.0,0,1
491,15,0,0,9.6,6.2,18.3,6,9,3,2,0,0,0,0,7.9,1,0
1538,18,0,0,16.9,13.4,14.7,6,3,4,0,0,0,1,1,0.8,1,1
666,19,0,1,15.1,7.4,13.0,12,4,5,1,0,0,1,0,7.8,0,1
359,20,0,0,15.3,15.3,16.6,13,2,2,0,2,0,1,1,3.1,0,0
1125,15,1,0,10.8,8.1,13.4,9,2,1,1,2,0,1,0,2.7,2,0
1202,20,0,0,12.7,17.1,5.7,10,4,1,0,2,0,1,1,2.4,0,0
1073,18,1,1,9.2,13.0,7.6,4,6,4,0,1,1,1,0,8.3,1,1
468,16,0,0,9.5,8.0,15.1,6,4,1,0,1,0,0,0,6.1,1,0
170,16,0,2,10.9,11.6,8.9,7,2,4,0,0,1,0,2,1.6,1,0
467,24,1,1,10.7,10.2,7.2,8,4,2,2,2,1,1,2,0.0,1,0
749,17,1,0,9.8,13.1,12.1,5,7,1,0,2,0,1,0,0.7,2,0
586,20,1,0,6.4,9.4,13.0,6,5,2,1,0,0,1,2,11.2,1,0
273,22,0,0,12.6,18.4,8.9,11,6,2,2,2,1,0,0,12.7,1,0
1093,15,0,2,13.3,15.4,11.4,6,3,2,0,0,0,1,0,27.2,1,0
939,15,0,1,14.5,18.4,9.5,11,7,5,2,2,0,1,0,7.2,0,1
781,21,1,1,8.5,14.2,11.6,8,0,1,2,1,1,1,1,4.3,2,0
1274,17,1,0,15.4,8.0,12.7,7,4,4,2,1,1,1,0,2.0,0,1
5,21,1,1,13.0,10.5,11.3,5,6,4,2,0,0,0,0,3.1,2,1
1342,17,1,0,16.2,8.1,20.0,9,1,1,2,2,0,1,1,0.3,1,1
788,17,1,0,11.0,16.0,11.0,14,1,4,2,0,0,1,0,6.4,1,0
490,16,0,1,14.9,11.0,14.1,12,5,1,1,0,1,1,2,17.4,2,0
1042,17,0,1,17.9,8.9,9.2,7,5,3,0,0,0,0,2,0.5,0,1
941,16,1,1,6.2,19.2,12.4,5,8,3,2,1,0,0,0,27.5,2,0
421,18,0,0,10.7,13.0,17.9,9,4,4,2,2,0,1,1,0.9,1,0
408,24,0,0,16.6,15.4,11.2,10,5,2,2,0,1,0,0,1.1,0,0
1502,18,1,2,14.7,8.2,17.6,8,2,5,0,1,0,1,2,8.8,0,1
1372,15,0,1,13.5,11.8,11.2,14,3,2,1,0,1,0,2,10.9,0,0
1098,15,1,0,10.5,8.5,12.3,7,3,4,1,0,0,1,1,1.8,1,1
136,24,1,2,15.5,16.9,9.5,11,6,4,1,1,1,0,2,3.1,0,0
1205,19,0,2,12.9,13.4,6.1,10,5,2,2,0,0,0,1,2.4,1,0
1506,18,1,0,5.8,9.6,13.4,13,3,2,0,1,1,1,0,3.9,2,0
625,15,1,2,15.8,12.9,5.0,13,5,4,1,0,1,1,0,9.7,2,0
186,16,1,1,14.6,10.6,17.3,9,3,2,2,1,0,0,0,5.5,0,0
676,17,1,2,12.2,12.6,14.2,9,3,2,2,2,1,0,0,2.2,2,1
1103,24,0,1,16.8,18.7,10.6,7,3,3,2,2,0,0,0,14.3,1,1
89,22,1,0,9.7,11.2,8.7,12,6,2,1,2,1,0,2,7.3,2,0
555,20,1,1,12.8,7.7,14.0,9,4,4,0,0,1,0,0,1.6,0,0
761,16,1,2,14.3,9.4,5.8,7,8,3,2,1,1,1,2,0.9,1,1
613,24,0,2,14.8,9.8,11.3,8,5,4,0,2,0,0,2,8.2,2,0
1440,16,0,1,9.2,12.3,14.7,7,3,3,0,0,0,1,1,10.3,1,0
933,20,0,2,15.8,15.2,18.6,10,7,5,2,1,1,1,0,4.4,0,1
292,17,0,1,12.7,9.7,14.7,6,2,3,0,2,0,1,1,3.0,2,1
1323,17,0,0,9.0,13.2,15.5,9,4,4,1,2,0,0,1,5.2,2,0
153,20,0,0,12.9,12.7,8.4,7,2,3,0,1,0,0,2,2.1,0,1
353,17,1,1,16.6,20.0,14.5,6,1,4,1,1,1,1,2,2.7,2,1
1031,22,0,0,10.2,15.4,17.1,6,3,5,2,2,1,0,2,4.2,2,0
67,18,1,0,9.0,14.2,5.1,6,7,5,1,2,0,1,0,3.4,2,1
199,16,0,0,15.9,10.2,13.2,6,6,2,0,1,0,1,2,3.7,2,1
650,15,0,2,17.9,8.4,5.0,11,6,4,0,2,1,0,2,3.0,0,1
116,19,1,2,14.5,9.5,9.1,12,4,4,1,1,0,0,2,9.8,1,1
950,17,1,2,13.4,19.0,15.5,6,6,5,0,2,0,0,0,4.4,0,1
926,23,0,1,9.0,9.9,11.0,9,5,3,1,2,0,1,2,1.5,1,0
220,22,0,0,11.0,15.7,10.8,11,6,1,2,2,1,0,0,4.2,2,0
1004,18,0,2,13.5,14.3,8.2,6,3,4,2,0,0,1,1,5.7,1,1
972,15,0,1,10.1,8.6,10.8,6,5,1,1,2,0,0,2,0.3,2,0
1074,20,1,1,13.7,13.8,11.2,4,12,4,2,2,1,0,0,13.4,2,1
469,17,0,2,12.1,16.1,9.3,11,4,5,2,0,1,0,0,1.5,1,0
1071,23,0,2,6.4,12.4,5.1,6,5,1,2,2,0,1,2,4.8,0,0
659,15,0,1,8.8,8.3,8.0,8,7,4,1,2,1,0,0,5.3,0,0
1133,19,1,0,12.5,15.1,7.7,8,7,1,2,2,1,1,0,3.5,1,1
645,15,0,0,14.6,12.9,10.6,13,7,1,1,1,0,1,0,2.4,1,0
919,19,1,1,16.1,16.6,9.5,15,5,2,0,0,0,0,0,0.5,2,0
1345,21,0,2,14.2,13.8,10.4,14,7,1,1,1,1,0,0,1.0,0,0
532,24,0,2,13.0,17.0,15.4,7,5,3,0,2,0,1,2,1.5,2,0
1444,19,1,1,11.2,11.7,11.2,8,4,4,2,1,1,1,0,11.8,2,1
1430,17,0,1,11.9,9.0,12.3,11,4,4,0,0,1,1,2,0.9,2,0
1107,15,1,0,14.2,13.3,15.1,5,3,5,1,0,1,0,0,1.8,0,1
578,17,1,0,13.6,9.4,15.1,11,8,3,1,0,0,1,0,3.0,2,0
687,20,1,0,14.5,12.3,13.7,12,11,4,2,2,0,1,2,11.4,2,0
166,15,1,1,16.5,17.2,13.4,10,6,1,1,2,0,1,2,2.2,1,1
148,23,1,2,7.8,11.4,19.2,5,7,2,1,0,1,0,0,4.6,2,0
267,15,1,2,14.1,6.0,13.1,9,7,1,2,1,0,1,1,8.5,0,0
255,18,1,0,12.7,10.2,6.3,7,3,5,0,0,1,1,2,0.6,2,1
17,16,1,2,7.0,12.0,11.0,5,7,4,1,0,0,1,1,4.1,0,0
1181,21,0,2,14.8,10.9,14.1,10,4,5,1,2,1,0,2,2.6,2,1
1559,16,1,2,14.7,17.8,13.7,10,11,1,0,2,1,1,0,1.9,1,1
790,16,1,0,14.1,10.7,7.9,9,4,1,2,1,1,0,0,1.3,0,0
802,21,1,0,12.9,11.0,14.6,8,7,1,1,0,0,0,1,3.8,1,0
1388,22,1,2,10.3,14.4,14.6,9,5,1,1,2,0,0,0,2.2,2,0
1544,19,0,2,11.5,11.3,13.4,5,5,3,2,2,1,0,2,7.1,2,0
1446,16,1,0,14.1,10.5,17.8,7,7,5,1,0,0,0,0,2.9,2,0
750,19,1,0,12.1,16.0,10.2,8,4,5,2,1,0,1,1,1.0,0,1
1047,16,0,1,11.3,15.8,15.0,7,2,5,1,1,1,0,1,1.2,2,1
1078,21,1,2,13.0,10.5,7.5,7,6,5,1,1,0,1,1,16.8,2,1
838,21,0,2,16.0,9.3,12.4,6,3,2,1,2,1,1,1,3.1,2,1
805,23,0,0,11.8,11.9,11.2,9,6,5,2,1,0,1,2,2.9,1,1
938,15,1,2,15.8,13.8,11.9,9,6,4,2,1,0,0,0,1.0,2,1
923,18,0,2,12.8,18.7,14.8,7,4,4,1,0,0,1,1,0.9,1,0
1588,22,1,1,11.0,20.0,11.9,9,5,4,1,2,1,0,2,0.2,1,0
1577,18,0,2,11.5,18.3,14.1,8,7,5,2,1,0,1,0,1.8,0,1
303,15,0,1,15.6,14.9,16.8,5,2,5,2,1,1,0,1,2.3,0,1
1489,15,1,0,9.4,11.4,12.4,9,8,2,1,1,1,1,0,0.1,2,0
669,24,1,0,14.9,6.8,14.8,7,7,1,2,0,0,1,1,3.3,1,0
545,23,1,1,12.1,12.5,6.9,9,7,3,2,2,1,1,0,9.7,1,0
374,17,0,2,14.9,15.2,13.8,8,7,1,1,2,0,0,2,1.4,0,0
251,22,0,0,12.6,8.8,14.4,8,4,2,1,2,1,0,2,3.2,2,0
1385,21,1,1,13.7,15.2,7.9,4,4,3,2,1,0,1,2,1.4,1,1
884,22,0,0,16.0,13.7,16.4,3,5,3,0,1,0,0,0,7.1,0,1
900,21,1,1,12.2,17.5,9.4,8,3,1,2,2,1,1,0,5.6,0,1
1394,16,1,2,13.9,12.8,8.0,4,5,3,0,0,1,0,2,13.2,0,0
119,21,1,2,11.0,5.0,15.0,9,4,3,2,2,1,1,1,3.1,1,0
230,23,0,0,15.1,5.5,13.9,6,2,1,1,0,1,0,1,0.2,0,0
1428,23,0,0,5.9,11.2,16.3,4,1,2,1,1,0,1,1,0.9,2,0
1177,23,1,0,9.5,8.7,13.3,6,6,1,2,0,0,0,1,0.7,1,0
305,17,1,0,10.2,11.1,17.0,10,7,4,0,0,0,0,0,17.1,1,0
877,20,1,1,14.5,7.7,18.7,4,7,4,1,2,1,0,0,1.3,1,1
403,21,0,1,14.1,10.6,18.3,12,3,2,2,0,1,0,0,3.3,0,0
390,21,0,2,18.8,14.2,12.0,5,2,5,0,1,0,1,0,2.2,2,1
1284,22,1,1,13.9,5.0,15.3,5,6,4,2,1,1,1,2,0.2,1,1
1325,17,1,0,9.6,14.7,8.7,8,2,5,1,2,1,1,1,0.9,1,1
509,18,1,2,10.8,5.2,12.7,7,5,3,0,0,1,1,1,0.3,2,0
1301,21,0,0,9.0,14.3,11.3,8,7,1,0,2,0,0,0,3.8,1,0
868,20,1,0,15.5,17.6,15.3,7,5,3,2,0,1,0,0,0.4,0,1
1495,17,1,0,12.4,16.0,9.9,8,3,3,2,0,1,1,1,1.2,1,0
1199,15,1,2,9.7,15.5,13.5,10,4,2,0,1,1,1,0,0.6,0,0
82,23,0,0,16.7,5.4,11.2,8,5,4,0,1,1,0,0,5.5,0,1
791,24,0,2,14.6,7.8,12.0,5,3,5,2,2,0,1,2,0.3,1,1
217,22,1,0,13.1,8.0,12.8,9,4,2,2,2,0,1,0,1.1,1,1
671,17,1,0,19.3,8.0,9.7,10,7,5,0,0,0,0,0,1.5,2,1
481,18,0,2,9.6,14.5,9.9,8,6,5,2,0,1,0,2,4.6,0,0
506,20,0,2,16.1,9.1,7.4,6,5,4,1,1,1,0,1,1.0,2,1
766,23,0,1,13.0,11.9,13.2,9,4,2,2,1,0,1,1,8.5,0,1
1109,21,1,2,11.2,16.9,12.8,10,5,4,2,1,1,0,1,1.8,1,0
503,15,0,2,13.0,12.7,13.6,9,7,5,2,2,1,0,2,9.2,2,0
1005,19,1,0,11.5,7.6,8.5,8,6,5,2,1,1,1,1,2.5,1,0
1021,19,1,2,18.0,6.8,10.9,9,4,2,1,2,0,1,1,5.7,0,1
1403,19,0,0,12.6,9.5,15.4,11,5,2,0,2,0,0,1,0.7,1,0
1263,22,0,2,14.3,7.2,5.0,9,4,2,1,1,0,1,1,13.2,0,0
178,16,1,2,15.2,8.1,14.3,5,7,3,0,2,1,1,1,0.1,0,1
1122,19,1,0,13.7,16.3,5.0,8,9,3,2,2,0,0,0,4.9,2,1
1357,21,1,0,10.7,7.0,12.3,7,4,5,0,0,0,1,2,0.8,2,0
776,17,0,2,17.4,19.1,18.3,6,3,1,2,2,0,1,2,2.4,2,1
826,24,1,2,11.2,16.8,5.2,8,5,4,0,2,0,0,0,16.8,2,0
567,24,0,2,11.6,15.0,5.9,8,5,2,2,2,1,1,2,12.3,1,0
684,24,0,2,14.6,16.4,14.4,5,4,2,0,2,0,1,1,0.8,0,1
731,19,1,2,18.3,12.6,7.3,10,4,2,1,2,0,1,1,0.1,2,1
1529,16,0,1,15.5,13.4,17.9,10,2,3,0,1,1,0,0,2.7,1,1
1087,16,1,1,11.9,12.2,5.3,7,2,2,0,2,1,1,2,24.1,2,0
886,19,1,1,9.8,20.0,14.3,3,5,3,0,2,1,1,2,8.5,2,1
653,23,0,0,8.8,20.0,9.8,3,5,4,2,1,0,0,2,5.5,1,0
815,20,1,1,16.0,14.6,9.2,12,6,2,2,2,0,0,1,2.8,1,0
767,23,0,1,7.2,9.8,15.5,6,2,4,0,1,0,1,1,0.6,2,1
1397,23,1,0,10.7,6.1,14.3,13,8,1,0,1,0,0,0,15.5,2,0
1380,21,0,0,11.3,14.6,10.0,6,5,3,2,2,1,1,0,0.7,1,1
198,18,0,0,14.2,13.4,10.1,6,3,5,2,0,1,0,0,13.3,2,1
261,16,1,0,16.6,19.8,10.1,9,4,1,2,0,0,1,0,7.0,1,1
90,17,1,0,13.9,9.3,12.9,9,4,4,2,1,0,0,0,2.0,1,1
789,21,1,2,14.6,5.0,9.7,6,5,5,2,2,1,1,1,5.5,1,1
632,19,0,1,10.9,16.2,12.9,9,2,4,1,1,0,0,1,2.1,1,1
380,17,1,1,14.5,16.4,12.1,11,7,5,2,0,1,0,1,1.4,0,0
876,24,0,1,15.3,9.9,12.5,9,7,3,2,0,0,1,2,17.8,0,0
1091,16,0,1,15.1,7.4,17.8,8,4,3,0,0,0,0,1,1.7,0,1
216,15,0,0,15.3,8.7,11.8,7,3,2,0,2,0,0,0,7.5,1,1
229,24,0,0,13.8,10.1,11.6,8,2,4,0,1,1,0,0,0.3,0,1
1019,15,0,0,15.3,15.2,15.6,9,3,5,2,1,0,0,0,0.5,0,1
223,23,0,2,17.7,11.1,10.1,4,5,1,0,2,1,1,0,0.2,1,1
1351,19,0,0,13.6,7.4,9.6,8,4,3,1,0,1,1,1,2.1,0,1
1551,15,1,1,10.8,18.3,8.1,4,5,3,1,0,1,0,2,3.5,0,0
1425,18,0,2,13.4,19.0,19.2,11,1,3,2,2,0,0,1,2.6,2,1
1086,17,1,0,8.1,17.8,14.2,12,7,3,0,0,0,0,2,0.3,0,0
649,20,0,1,6.8,13.2,13.9,9,3,3,2,0,1,0,1,1.1,0,0
1488,23,1,0,12.6,14.5,10.7,6,2,3,0,1,1,1,0,0.9,1,1
983,17,1,2,12.6,15.7,13.0,4,7,5,1,0,1,0,1,1.4,1,1
16,19,1,1,13.3,8.4,11.6,9,8,2,1,1,1,0,0,0.4,2,1
1439,19,0,0,12.7,19.2,11.7,6,5,4,0,1,1,0,2,5.1,2,1
289,15,0,0,15.6,11.5,6.3,5,6,3,0,0,0,1,2,10.0,0,1
268,18,1,0,11.8,15.7,13.6,4,5,2,1,2,1,1,0,5.8,2,1
942,19,0,0,14.6,12.9,9.6,4,4,3,0,1,1,0,0,7.6,1,1
1332,22,1,0,15.2,10.1,15.0,7,6,4,2,2,1,0,1,0.5,0,1
1293,16,0,0,9.3,13.3,7.7,7,2,5,0,2,0,0,0,1.8,1,1
892,18,0,0,5.3,16.6,8.2,9,2,1,1,1,1,0,2,3.3,0,0
848,18,1,0,20.0,10.6,9.8,5,5,5,0,2,1,1,1,6.6,2,1
806,15,0,0,14.4,11.9,8.8,6,6,1,1,1,0,0,1,1.8,2,1
1499,16,1,0,15.1,8.2,14.8,9,6,5,2,2,1,1,2,2.5,0,1
978,22,1,0,10.1,10.6,13.0,6,4,4,2,0,1,0,1,0.4,0,0
865,19,1,0,12.1,12.6,13.0,1,3,2,0,1,0,1,2,0.0,2,0
114,17,1,0,13.7,11.9,10.1,4,5,4,1,1,0,0,2,7.8,1,0
1545,18,0,1,7.7,11.8,17.1,9,5,4,1,0,1,1,2,4.2,1,0
1147,16,0,1,8.3,12.7,11.2,11,3,2,0,0,1,1,2,10.9,1,0
349,16,0,2,12.7,7.2,15.3,14,7,3,1,2,1,1,1,7.6,1,1
479,19,0,2,12.8,11.2,13.5,10,3,3,2,1,1,1,0,16.9,1,0
769,22,1,1,15.6,10.6,7.4,11,4,3,0,1,1,1,0,7.4,2,1
213,21,0,0,14.8,11.9,12.5,6,6,4,0,2,0,0,1,7.6,1,0
81,21,0,0,13.3,8.6,11.6,12,9,3,2,2,1,1,1,10.5,1,0
1180,23,0,2,14.3,15.8,14.9,7,5,4,1,1,1,0,0,0.8,0,1
30,18,1,0,15.8,5.5,5.2,7,4,2,0,2,0,0,0,15.7,1,1
1134,20,0,2,13.9,11.2,5.6,9,6,4,2,1,1,0,0,1.2,2,1
602,20,0,0,10.5,10.9,10.7,4,2,1,2,1,1,1,0,8.9,2,1
783,16,1,1,11.8,11.7,8.1,12,6,3,0,1,1,1,0,8.9,1,0
222,23,0,0,12.3,11.0,14.8,6,4,2,2,2,0,1,1,3.1,2,1
1350,15,0,1,15.8,8.4,12.3,7,5,3,0,0,0,1,0,2.2,2,1
1465,15,0,2,6.8,18.2,11.3,9,6,3,2,0,0,0,1,3.5,2,0
831,23,1,0,16.0,5.0,16.1,16,4,4,0,0,1,1,0,11.2,2,0
740,22,1,1,19.3,15.5,9.1,7,2,5,2,1,1,1,2,3.0,0,1
1156,21,0,1,9.3,13.4,12.2,7,8,2,0,1,1,0,1,2.2,0,0
652,16,0,0,14.6,13.6,9.2,8,4,4,2,1,0,1,0,7.1,0,1
735,21,1,2,11.6,12.9,13.0,13,8,1,2,1,0,0,0,15.9,0,0
1296,23,1,0,17.1,8.6,9.7,8,8,4,2,1,0,1,2,1.5,0,1
1572,17,1,1,10.4,8.4,13.7,6,3,4,1,1,0,1,1,0.3,0,1
701,21,0,0,9.0,14.7,11.3,3,6,5,1,2,1,1,0,2.7,1,1
709,16,1,2,8.2,8.7,13.7,9,6,5,0,2,0,0,1,0.8,2,0
1334,18,0,0,17.6,5.0,9.6,4,1,1,2,0,0,0,0,1.4,1,1
402,15,1,0,9.6,12.5,8.5,6,6,3,2,0,1,1,0,1.0,2,0
536,16,1,0,14.4,19.9,10.4,9,6,1,0,1,0,1,0,4.9,0,1
455,22,1,2,12.5,11.1,16.0,7,3,3,2,2,0,0,0,1.0,1,0
1389,18,0,1,10.4,17.5,7.0,9,6,3,0,0,0,1,0,1.8,1,1
921,17,0,1,6.0,12.8,18.8,11,5,1,0,2,0,0,0,6.0,0,0
1463,17,0,1,14.4,7.4,18.0,8,7,4,2,0,1,1,2,1.3,0,0
498,21,1,2,13.8,14.8,16.3,9,8,5,0,1,1,0,1,3.8,2,0
1331,21,0,2,14.7,15.8,12.3,5,3,5,1,0,0,0,2,0.8,0,1
25,23,0,2,12.1,19.7,14.2,6,3,5,2,1,1,1,0,12.7,2,1
461,21,0,1,13.4,11.5,16.7,7,4,1,0,2,1,1,0,5.0,0,1
1382,22,1,1,7.8,17.0,9.5,12,7,4,2,2,1,0,2,2.0,0,0
437,22,1,0,12.6,11.4,16.6,9,8,1,1,2,0,0,0,2.1,1,0
1008,22,0,1,16.4,5.8,9.3,7,3,3,2,0,1,1,0,7.5,1,1
870,17,1,2,14.1,9.6,10.9,7,7,3,2,0,0,0,1,6.0,2,0
107,17,0,0,13.3,16.9,8.7,7,2,2,2,0,1,0,1,2.1,0,0
547,24,1,2,13.2,18.0,7.2,10,7,4,0,1,0,0,2,5.8,2,0
97,23,0,2,14.3,12.8,14.1,8,9,2,2,1,0,0,1,9.9,0,0
541,20,1,0,10.3,7.4,14.5,6,6,2,0,1,1,0,2,2.6,0,0
1537,16,1,2,11.2,9.4,18.0,10,9,5,2,2,1,1,1,4.3,1,0
206,18,1,0,15.9,8.4,15.6,12,5,2,2,2,1,0,2,9.0,0,0
1110,16,1,2,12.1,8.9,11.8,14,5,2,2,0,1,1,0,17.8,2,0
1483,18,0,2,12.5,12.7,13.5,5,3,1,1,2,1,0,0,2.2,1,1
489,18,1,1,10.8,10.4,10.4,10,8,2,2,0,0,1,0,2.8,2,0
837,20,1,0,11.0,9.3,11.0,9,5,4,2,1,1,0,0,1.8,0,0
906,22,0,1,10.7,7.4,13.3,8,4,2,2,0,0,1,0,3.6,1,0
665,21,1,1,9.9,8.3,13.2,10,4,4,2,1,0,1,1,2.2,1,0
497,21,0,1,12.4,15.5,17.2,9,4,4,2,2,1,1,1,4.5,2,1
706,16,1,2,14.8,10.0,18.1,9,3,5,1,2,1,1,2,7.0,0,1
154,22,1,0,12.9,5.0,13.3,7,5,1,2,1,1,0,1,0.7,1,0
1002,22,0,2,10.5,15.4,12.4,9,0,2,0,2,1,0,0,0.6,0,0
654,17,1,2,15.8,13.0,14.9,4,5,4,0,1,1,0,0,3.6,2,1
218,21,1,1,13.4,15.7,10.5,3,4,1,1,2,1,0,1,4.4,0,1
432,24,0,0,16.7,8.3,13.0,10,3,2,2,0,1,1,0,3.4,1,1
914,22,1,1,13.0,10.1,15.4,4,5,5,1,1,1,1,2,1.4,1,1
1226,18,0,2,10.1,6.4,10.1,7,2,1,0,2,1,1,0,5.3,1,1
1599,22,0,0,11.8,13.2,5.0,9,4,5,2,1,1,0,1,3.5,2,1
115,15,0,2,15.2,12.3,13.9,14,6,4,1,1,1,1,2,9.2,2,0
1038,23,0,1,14.4,9.8,14.3,8,6,4,0,1,0,0,2,2.9,1,0
111,15,1,0,14.2,12.3,13.1,7,4,3,0,0,0,1,1,2.2,1,1
1234,22,1,1,14.6,11.7,12.3,10,5,5,1,2,0,0,0,2.6,0,1
385,21,0,2,11.1,6.8,13.0,8,3,5,0,2,1,1,1,2.8,2,1
454,15,1,2,7.5,10.4,16.3,6,0,5,2,0,1,0,0,1.7,0,0
945,17,1,0,11.5,14.1,10.2,10,3,5,1,1,1,1,1,3.0,2,1
1519,17,0,2,11.3,18.5,14.0,6,2,4,2,1,1,1,1,12.9,0,1
212,18,1,0,11.2,13.4,13.6,10,4,2,2,0,0,1,0,20.8,0,0
656,19,0,0,9.1,15.1,14.3,8,2,3,1,0,0,0,0,0.1,1,0
1514,24,1,0,16.0,10.5,12.4,8,7,1,2,2,0,0,0,8.8,2,0
2,18,1,2,15.2,18.7,14.1,5,7,1,0,2,0,0,2,0.2,0,1
1528,16,1,0,12.5,5.0,19.1,7,7,4,0,2,0,0,0,5.9,0,1
1186,24,1,2,16.5,20.0,14.5,3,6,1,1,2,1,0,2,6.6,2,1
956,15,0,2,14.2,13.4,11.7,11,3,2,1,2,0,1,1,2.7,0,1
1566,18,1,1,6.5,14.9,6.6,13,7,4,1,1,0,0,2,3.0,1,0
441,21,1,0,15.4,11.0,18.6,9,4,4,2,0,0,1,1,1.5,0,0
531,21,0,0,15.0,15.8,11.2,9,4,2,1,0,1,1,2,4.9,0,0
51,17,0,0,11.0,8.8,6.0,14,2,4,0,0,0,0,0,3.7,2,0
443,15,1,2,9.5,7.4,12.4,11,8,5,2,2,1,0,2,0.8,0,0
1338,15,1,2,19.0,7.3,10.7,7,8,3,0,0,0,1,0,1.1,2,1
521,18,1,0,11.3,13.5,10.4,9,3,5,1,2,1,0,0,4.2,2,1
364,20,1,2,9.9,11.5,10.0,1,3,4,2,2,0,1,0,8.9,0,1
1405,20,0,2,20.0,5.0,6.8,10,1,5,0,2,0,0,2,5.5,2,1
1501,20,1,0,12.6,20.0,10.7,6,7,5,2,2,0,1,1,8.6,1,1
793,17,1,1,15.9,12.7,9.9,9,5,1,1,0,1,0,0,1.5,0,0
1200,19,0,1,5.0,13.4,12.0,9,3,4,2,2,0,1,1,0.2,2,0
242,17,1,2,13.5,13.2,6.6,5,5,3,2,0,1,1,1,1.4,0,1
807,18,0,2,6.0,8.2,10.8,7,2,3,2,1,0,0,0,1.9,1,0
553,22,0,0,12.2,12.3,18.1,8,10,5,2,1,1,0,0,3.3,2,1
1119,22,1,0,17.3,14.6,7.6,8,5,2,2,1,1,1,0,1.5,0,1
834,20,0,2,13.0,5.0,18.0,9,5,4,0,2,0,1,2,0.2,0,1
792,20,0,0,10.5,10.4,12.9,10,5,1,0,2,1,0,1,14.9,2,0
195,20,0,2,18.6,18.1,11.9,11,7,5,1,1,1,0,0,3.9,0,1
880,17,1,2,15.1,16.1,10.8,7,6,3,2,1,1,0,0,6.6,0,1
381,15,1,0,16.7,14.5,5.5,4,9,3,2,1,0,1,1,2.3,2,1
910,17,0,1,10.8,13.0,11.8,3,7,5,0,1,1,0,0,1.6,0,1
1560,22,1,2,12.8,17.7,15.9,5,4,2,0,2,1,0,0,1.5,0,1
997,24,0,2,14.4,13.9,15.2,5,6,3,1,1,0,1,2,4.8,1,1
416,19,1,0,11.2,17.0,12.6,8,7,4,2,1,1,1,2,1.0,0,1
1509,15,0,1,13.2,11.3,15.4,11,4,4,1,1,1,1,0,14.3,2,1
1101,21,0,1,8.6,18.8,11.9,9,4,3,0,0,0,1,0,5.7,2,0
125,15,0,2,10.8,18.8,12.2,3,9,1,1,2,1,1,2,2.4,2,0
388,24,1,0,16.9,15.8,13.3,6,4,1,0,2,0,1,0,0.1,1,1
1449,19,1,0,18.8,8.6,11.1,10,2,2,2,2,0,0,2,13.5,1,1
505,23,1,1,14.3,17.2,11.1,7,5,3,1,1,0,0,0,3.0,1,1
74,19,1,2,12.6,11.4,12.7,11,4,5,0,0,1,1,0,0.4,0,1
1294,23,0,2,6.0,9.3,15.8,9,6,3,1,0,0,0,1,18.1,0,0
590,19,0,2,17.9,11.2,11.6,9,5,5,0,1,0,0,1,0.4,1,1
1376,24,1,1,9.8,20.0,10.5,6,0,4,0,1,0,0,0,8.9,0,1
1554,16,0,2,7.7,15.0,12.0,6,3,2,1,0,0,1,2,0.1,2,0
1251,15,0,2,13.8,7.5,11.6,8,9,2,0,1,1,1,0,8.4,0,0
517,19,1,1,14.0,14.4,14.8,4,5,2,1,1,0,0,1,0.8,2,1
662,20,0,1,9.1,11.5,14.4,15,7,2,0,2,0,0,2,0.2,1,0
394,24,0,1,17.0,12.9,17.9,7,4,3,1,2,0,1,1,4.5,0,1
527,21,1,1,13.0,7.9,12.7,9,2,4,0,0,0,1,1,1.0,2,1
24,20,0,0,11.5,5.0,12.2,4,2,3,1,1,1,1,0,1.7,2,1
754,20,0,2,11.0,15.7,11.6,8,1,5,0,0,1,0,2,3.0,2,0
1367,19,1,1,11.6,5.0,9.2,15,4,3,2,0,1,1,1,0.1,2,0
849,22,0,2,9.1,10.3,5.0,5,9,2,1,2,0,1,1,5.3,2,0
203,23,0,0,15.1,12.0,13.2,3,5,3,0,0,0,0,1,0.6,2,1
1206,24,1,2,9.0,14.1,9.9,5,6,1,1,0,0,0,1,1.3,0,0
850,20,1,2,8.8,11.6,10.8,12,4,4,2,2,1,0,1,6.6,1,0
739,18,1,2,13.7,11.9,16.2,6,4,1,1,0,0,1,0,4.1,0,1
420,21,0,1,18.1,6.9,8.7,7,7,4,1,2,0,0,1,0.4,0,1
1333,15,1,2,12.1,12.3,11.6,8,5,3,1,1,1,1,1,6.8,0,0
730,20,1,2,16.5,8.6,11.6,11,10,5,0,0,1,0,1,0.0,1,1
682,22,1,2,9.4,15.4,9.8,7,6,4,1,1,1,1,0,3.4,0,1
667,19,1,1,14.5,14.8,13.4,8,9,4,0,2,0,1,0,4.9,0,1
1261,15,1,0,14.3,12.2,13.6,12,6,1,1,0,1,0,0,2.7,1,0
382,22,1,2,18.1,17.4,12.7,5,6,2,2,1,0,1,2,6.6,2,1
786,17,0,2,12.5,6.5,7.8,11,7,1,2,1,0,0,0,3.0,1,0
1303,19,0,0,11.7,6.9,12.9,5,4,1,1,0,0,0,0,0.6,2,0
317,17,0,0,11.0,15.3,7.4,5,3,3,0,2,1,0,0,6.8,1,0
1327,22,0,1,15.9,18.4,7.9,5,4,3,1,0,1,1,1,4.3,2,1
563,17,0,2,14.3,9.2,15.4,10,1,5,2,2,1,1,1,12.1,0,1
109,20,1,1,14.8,12.3,17.4,7,6,5,2,2,0,0,2,2.0,2,1
1062,15,0,2,7.0,10.9,8.8,11,4,1,0,2,0,0,1,4.1,1,0
296,15,1,1,14.3,14.2,13.7,13,5,5,2,2,0,1,0,5.8,2,1
1533,23,1,1,11.0,8.5,7.3,9,0,2,0,2,0,1,1,2.7,2,0
155,23,0,1,16.3,9.6,13.6,3,9,1,1,1,1,0,0,2.3,0,1
639,21,1,2,11.5,15.9,15.6,8,6,1,1,0,1,1,0,5.9,2,0
46,19,0,2,8.7,11.9,14.2,6,4,5,0,0,1,0,0,2.2,2,0
812,23,1,0,8.8,12.6,12.9,12,6,4,0,0,0,0,1,11.6,2,0
720,18,1,1,12.2,12.2,12.6,11,5,5,1,0,1,0,0,5.3,1,0
1353,22,0,2,15.4,10.1,11.2,5,7,5,0,0,1,0,1,3.9,0,1
65,16,1,0,13.1,11.6,13.0,6,7,1,1,2,1,1,0,1.8,1,1
1491,16,0,0,14.7,9.9,13.1,3,3,3,2,0,0,0,2,1.8,2,1
1035,23,1,1,9.7,13.6,18.7,8,8,3,2,0,0,0,1,4.4,1,0
992,20,1,1,10.3,15.4,9.2,13,9,5,2,2,0,1,1,2.8,2,0
1232,15,1,0,9.4,7.3,12.5,3,5,2,0,1,0,1,1,8.0,0,0
130,21,0,0,10.0,16.4,12.6,12,3,5,1,1,0,0,0,18.2,2,0
284,17,0,1,8.2,8.4,13.0,6,1,1,2,0,1,0,1,5.0,2,0
1027,15,0,1,18.9,17.0,6.0,8,9,2,1,2,0,1,1,0.6,0,1
145,15,1,0,16.6,13.7,16.6,12,5,5,0,2,1,1,0,6.2,1,1
1193,19,1,2,15.3,10.2,8.1,10,5,4,0,1,0,1,2,5.1,0,1
1129,22,1,1,6.6,14.2,12.0,7,3,3,0,2,1,0,1,2.4,1,0
11,18,1,1,10.8,16.7,11.7,4,4,4,1,0,1,1,1,8.2,1,0
852,18,1,1,9.7,14.3,6.2,14,6,1,2,0,1,0,0,4.4,2,0
140,18,0,2,12.0,17.0,12.0,9,6,2,2,2,0,0,1,14.1,2,0
800,23,1,2,11.8,8.5,9.5,9,6,2,2,1,0,1,1,0.3,0,1
568,17,0,0,9.7,11.9,6.4,9,4,5,0,0,1,1,1,0.3,1,0
190,21,1,1,8.8,11.0,13.8,9,4,1,1,0,1,0,0,3.0,2,0
72,19,0,1,9.4,13.3,10.0,4,8,5,2,0,0,1,2,10.9,1,0
1375,18,0,2,12.4,5.1,12.6,5,3,2,1,1,1,1,2,9.7,2,1
1250,18,0,2,14.1,15.9,11.9,8,2,5,0,1,1,0,0,3.0,0,1
1012,23,1,2,12.2,12.6,7.7,7,7,5,1,2,1,0,2,0.7,2,0
535,21,0,0,14.0,8.1,8.0,6,5,5,2,0,0,1,0,0.5,1,1
48,18,0,0,15.1,8.0,9.8,6,4,5,2,0,1,0,2,3.2,0,1
73,16,0,1,9.1,18.5,15.1,5,8,3,1,0,1,0,1,6.7,1,0
949,20,0,1,10.7,12.3,10.6,8,4,4,2,1,1,1,0,14.5,1,0
525,21,0,2,12.5,10.4,12.2,7,4,2,0,0,0,0,1,3.1,2,0
160,22,1,2,5.4,15.1,11.8,5,7,3,1,2,1,0,1,1.8,2,0
1128,17,1,2,15.2,6.9,16.7,6,4,2,0,2,1,1,0,3.5,0,1
227,17,1,2,13.8,8.5,15.9,7,6,2,0,1,0,1,0,7.5,1,1
168,18,1,2,15.9,14.1,9.9,7,6,5,1,2,0,0,1,0.1,0,1
1541,15,1,0,12.5,13.6,8.0,3,6,1,0,2,0,1,1,12.7,1,1
830,19,1,2,14.4,12.0,10.7,7,6,3,0,0,1,1,0,5.5,0,1
864,17,1,2,13.3,18.4,13.0,9,4,3,0,1,0,1,1,16.6,2,1
1104,24,1,0,17.0,8.3,8.4,6,4,4,0,1,1,0,0,5.7,1,1
1085,22,1,2,14.3,15.3,14.3,4,4,5,2,2,0,0,2,3.8,0,1
347,17,0,2,10.4,9.1,12.1,7,7,3,0,1,0,0,1,2.4,0,0
842,23,1,2,15.1,10.8,15.1,7,4,5,1,2,1,0,1,6.1,1,1
37,23,1,1,12.3,17.8,17.7,3,4,2,1,2,0,1,2,5.2,0,1
554,15,0,2,10.1,19.6,11.8,6,7,4,2,0,1,1,0,0.5,0,1
1131,18,0,0,18.0,10.6,10.9,7,7,5,0,1,0,1,0,2.3,1,1
311,17,0,2,10.7,5.0,14.1,4,1,2,2,1,1,0,1,1.4,2,0
1151,18,0,2,13.5,5.8,13.7,6,6,1,0,1,0,1,2,7.2,1,0
691,15,0,0,17.8,13.6,11.4,9,4,3,0,0,1,1,1,1.0,0,1
889,16,0,0,9.6,11.8,18.3,6,6,2,2,0,0,1,1,16.1,2,0
470,23,1,0,12.7,9.4,6.4,15,3,1,1,1,1,1,0,0.9,1,0
352,20,1,2,13.8,6.6,9.9,7,2,2,0,2,0,1,1,4.7,0,0
1578,18,1,1,10.7,17.6,16.6,9,8,1,1,0,0,1,0,1.8,0,0
1512,15,1,0,14.3,6.0,8.4,8,3,5,1,1,1,0,1,3.4,2,1
719,19,0,1,9.5,12.5,8.2,7,2,1,1,1,0,1,0,2.0,1,0
1447,20,1,1,15.7,9.8,15.6,8,5,5,1,2,0,1,0,11.3,1,1
1168,22,1,0,14.6,14.6,15.7,3,5,2,0,0,1,0,1,2.4,2,0
1535,21,0,2,16.5,9.3,13.1,6,0,1,1,2,1,0,1,0.8,2,1
1408,23,0,1,12.3,16.2,8.9,9,6,2,2,1,1,0,1,0.8,0,0
1542,22,1,2,11.9,17.5,14.9,7,2,2,2,0,0,0,0,2.5,0,0
1424,23,0,1,14.0,5.0,15.8,4,5,1,0,1,1,1,0,8.8,2,1
1243,22,1,0,15.4,12.1,9.7,7,6,5,1,0,1,0,0,9.0,2,1
8,21,1,2,15.8,8.0,8.8,11,5,1,0,2,0,1,2,10.1,1,0
330,23,0,2,13.8,11.4,16.4,13,7,5,0,1,0,0,1,0.3,1,0
1148,16,1,0,17.0,10.3,15.0,10,5,4,0,1,1,1,1,0.2,0,1
1295,24,1,0,12.8,8.5,15.2,6,3,5,1,1,1,0,0,18.9,1,1
207,18,0,2,14.2,10.7,7.6,8,3,3,0,2,0,1,0,3.8,0,1
994,22,0,1,18.8,11.9,14.7,11,6,2,2,2,0,0,2,5.2,1,0
1543,19,0,0,16.3,12.4,16.7,10,6,2,2,2,0,1,2,0.8,1,1
1593,16,1,1,12.4,5.0,11.8,6,3,2,0,0,1,1,0,7.3,1,0
333,24,0,0,14.6,14.3,11.7,8,1,4,2,0,1,1,1,3.7,0,1
1315,18,1,2,15.2,7.7,14.2,4,5,4,0,2,1,1,2,4.5,0,1
241,17,1,2,12.7,13.0,11.9,9,5,2,2,1,1,0,0,4.0,1,1
197,19,1,2,9.6,20.0,11.0,7,6,3,1,0,1,1,2,0.4,0,0
341,21,0,2,12.9,12.0,8.4,5,5,4,0,2,1,1,1,19.2,1,0
633,23,0,2,11.3,15.4,16.0,7,5,2,0,1,1,1,1,1.9,2,0
1235,17,1,1,10.7,10.3,11.9,7,6,3,0,1,1,0,0,6.0,0,0
34,17,1,2,13.1,10.5,10.7,1,10,1,0,1,0,0,0,1.7,2,1
1253,23,1,0,9.2,14.9,10.9,10,6,5,0,2,1,1,0,2.2,1,1
1167,20,1,0,9.9,6.2,7.3,9,4,5,1,1,0,0,1,7.4,2,0
110,17,0,0,11.3,5.3,15.6,8,7,2,1,1,0,1,0,1.5,1,1
514,18,1,2,15.2,15.6,14.2,5,5,4,0,2,1,1,2,6.1,0,1
1312,16,1,2,15.8,13.6,7.2,6,2,4,2,1,1,0,0,4.4,0,1
1221,16,1,2,10.5,17.0,7.8,19,6,5,1,1,0,1,0,6.9,0,0
1335,20,1,2,12.1,16.3,7.7,5,5,5,2,1,0,1,2,9.4,0,1
1192,16,0,1,10.6,10.1,15.9,4,4,2,0,1,0,0,2,3.4,1,0
120,23,0,0,11.2,10.7,7.5,9,3,5,2,0,0,0,0,2.4,0,0
1532,17,0,1,10.4,11.3,13.1,9,5,1,1,0,1,1,1,0.8,1,0
444,18,1,1,11.6,12.1,13.6,7,6,4,0,0,1,1,1,0.6,0,0
779,20,0,2,15.8,11.7,12.9,9,7,3,1,1,0,0,0,0.5,1,1
1024,20,1,1,13.3,6.1,15.5,5,4,2,2,1,1,0,0,2.4,1,1
42,16,1,0,15.7,14.3,8.7,5,4,2,0,0,0,1,0,3.6,2,1
101,16,1,0,8.9,14.7,12.6,3,8,1,1,0,0,0,2,4.1,1,0
989,18,0,2,12.2,6.6,13.6,7,3,4,2,2,0,1,1,0.5,2,1
209,24,1,1,10.8,13.6,12.2,6,5,2,1,0,0,0,0,0.2,2,0
689,17,0,0,14.4,14.7,15.0,7,4,2,2,1,1,0,1,10.2,0,1
548,16,1,2,9.6,14.5,5.7,4,5,3,2,2,0,1,0,4.7,2,1
274,21,0,2,14.0,12.0,12.8,7,4,2,1,2,0,1,1,4.1,0,1
820,17,0,0,5.0,10.0,13.5,9,2,2,1,2,0,1,2,8.7,2,0
61,18,1,1,13.9,18.6,17.3,8,5,3,2,2,0,0,0,0.8,1,1
1094,16,0,1,15.7,15.3,9.9,8,2,4,0,0,0,0,1,7.4,0,1
524,19,0,2,10.1,11.1,14.6,8,6,5,0,1,1,0,0,1.9,2,0
13,22,1,0,16.5,13.6,17.4,14,9,4,1,0,1,1,1,4.1,2,0
365,19,1,1,13.3,8.1,12.7,14,2,1,0,1,0,0,2,4.8,1,0
1029,21,0,0,14.0,14.9,8.4,7,2,3,1,2,0,1,2,4.5,2,1
1343,24,0,2,16.7,6.3,5.0,7,5,3,2,2,0,1,2,1.4,1,1
707,16,1,1,10.1,7.2,16.3,12,5,4,0,1,0,0,2,0.5,2,0
646,19,1,0,12.0,9.3,12.6,11,7,4,0,2,1,1,0,14.2,2,0
628,17,1,2,15.3,20.0,14.9,4,4,1,2,0,0,1,0,6.0,1,1
98,21,1,1,12.0,19.5,14.7,10,4,3,0,1,1,0,1,3.8,1,0
257,23,0,2,15.2,5.0,15.9,11,5,4,1,1,0,0,0,0.1,1,1
181,21,0,2,16.1,15.5,16.5,8,7,2,0,1,1,0,2,1.9,1,0
189,20,1,2,11.5,10.6,9.7,8,2,5,0,0,1,1,0,7.2,0,1
1369,15,1,2,5.1,14.0,17.7,6,1,1,0,2,1,0,1,2.8,2,0
860,23,1,1,12.5,17.0,13.4,11,6,3,0,1,1,1,0,5.6,2,1
131,18,0,0,11.9,8.9,6.0,10,2,4,0,1,0,1,1,8.9,2,0
1352,23,1,2,12.7,7.6,13.2,5,8,2,0,2,0,1,2,1.5,2,1
453,15,1,1,14.6,14.0,7.3,8,5,4,0,2,1,1,2,0.6,1,1
208,17,0,2,14.4,17.1,8.2,5,2,4,2,2,1,1,0,1.4,2,1
540,15,1,0,10.9,15.4,6.4,11,7,3,1,1,0,0,0,1.1,0,0
1379,20,0,0,9.9,17.3,15.4,9,5,5,0,2,1,1,1,0.8,2,1
573,18,0,0,15.6,11.7,11.7,5,11,3,0,2,0,1,1,1.7,1,1
827,16,0,1,15.4,12.2,9.5,8,3,5,1,1,0,1,1,2.0,1,1
734,23,0,2,18.3,10.7,15.5,10,8,3,1,2,0,1,0,1.8,0,1
1515,22,0,0,15.5,12.3,7.7,6,8,4,2,1,1,1,0,5.4,1,1
1595,23,0,1,13.8,10.8,13.9,15,10,2,0,2,0,1,2,7.0,2,0
343,18,0,2,16.6,13.6,11.0,6,5,3,1,1,1,0,2,11.4,2,1
473,24,1,2,10.5,8.4,8.6,9,2,4,0,0,1,1,1,11.1,2,0
1567,21,0,2,13.4,15.3,8.1,6,8,4,2,1,0,0,0,0.0,1,1
1211,22,0,2,10.8,16.2,12.3,8,5,4,0,2,1,0,0,12.3,2,0
946,21,0,0,7.9,8.3,16.1,13,6,2,1,0,1,1,1,0.7,1,0
367,22,0,0,12.1,8.0,14.6,7,3,5,2,1,0,1,2,5.3,1,1
340,24,0,2,11.7,13.2,16.5,3,3,2,0,1,0,0,1,5.0,1,1
1477,21,0,2,16.1,9.6,12.4,6,6,1,1,2,1,0,2,2.0,0,1
936,15,1,1,9.1,20.0,15.6,14,3,1,0,0,1,1,0,8.3,2,0
159,24,1,0,16.3,8.7,5.0,7,3,1,2,1,1,0,1,4.7,2,1
1242,19,1,0,6.2,13.5,10.0,3,7,3,2,2,1,1,0,14.6,0,0
571,16,1,2,8.7,7.3,11.5,5,3,4,2,2,1,1,2,0.1,2,0
1132,18,0,0,12.4,20.0,14.9,5,9,5,2,2,1,1,0,9.8,0,1
810,24,1,2,14.4,14.0,14.3,2,5,3,2,1,1,0,2,6.9,2,1
121,24,0,2,12.8,14.8,7.7,9,5,5,1,0,0,1,1,2.4,0,1
1068,21,0,0,10.9,13.1,14.3,8,4,5,2,0,1,1,0,0.0,0,1
598,23,1,0,12.5,13.6,11.5,12,5,4,0,1,0,1,0,3.1,1,1
286,22,0,1,10.6,6.1,11.0,9,1,3,1,1,1,1,2,0.0,0,1
15,20,0,2,8.1,6.0,14.2,11,6,2,1,2,0,1,1,0.9,0,0
285,20,0,1,17.7,20.0,12.3,7,10,2,2,1,0,0,2,5.4,0,0
1015,22,1,1,8.2,14.8,19.5,6,4,4,0,2,1,0,1,1.8,0,0
798,24,1,1,10.9,20.0,10.5,5,9,2,1,2,1,1,0,0.6,1,1
1368,23,1,2,7.8,17.8,11.0,10,1,3,1,2,0,1,0,1.2,1,1
458,17,1,2,11.3,11.8,11.2,12,5,4,1,2,0,1,0,2.0,1,0
925,24,1,1,10.1,13.7,5.5,2,5,3,1,1,1,1,0,1.4,1,1
1030,17,1,1,16.3,20.0,10.5,6,6,3,0,1,1,1,2,0.2,1,1
321,20,0,2,8.4,11.3,13.8,7,6,2,1,1,1,1,2,6.1,1,0
948,20,1,2,12.7,13.2,10.4,12,5,5,2,2,0,1,1,3.7,1,1
433,24,1,1,17.7,18.7,9.1,7,5,5,1,0,0,1,0,1.6,1,1
362,24,1,0,11.2,13.1,13.8,7,2,5,0,2,0,0,2,6.7,2,1
463,24,1,0,9.6,14.5,14.5,9,7,1,1,0,1,1,2,23.5,2,0
899,20,0,1,9.0,8.3,6.5,10,8,2,2,2,0,1,2,1.3,2,0
143,23,0,2,12.5,16.4,6.9,3,2,3,2,0,1,0,0,1.2,2,1
1080,21,1,2,10.2,10.8,9.6,4,4,3,0,2,0,0,0,7.8,2,1
543,22,1,1,7.5,8.8,15.6,10,3,2,1,1,0,0,2,4.3,0,0
413,19,0,2,16.4,15.5,9.2,12,2,3,1,2,0,0,0,2.5,2,1
1459,22,1,2,14.0,17.8,10.7,6,10,1,0,1,1,1,0,0.5,0,1
1259,22,1,1,14.6,18.3,5.0,8,4,5,2,1,0,0,0,2.4,0,1
63,16,1,0,16.4,12.6,12.3,15,4,1,1,2,1,0,1,0.1,2,0
970,19,1,0,14.2,10.6,5.9,10,5,5,0,1,1,1,2,10.6,1,1
52,15,1,2,14.4,13.4,8.8,11,5,3,1,2,0,0,0,12.3,2,1
1194,24,0,1,16.3,11.2,14.3,4,3,4,2,0,1,0,2,0.4,2,0
383,17,0,1,15.7,12.1,12.9,9,6,4,0,0,1,0,2,1.8,1,0
991,22,0,0,6.1,8.4,14.3,10,3,4,0,2,1,1,0,10.4,2,0
1282,22,1,1,14.7,13.0,11.2,5,2,2,0,2,1,0,1,0.8,1,1
732,16,1,1,9.1,5.0,10.9,8,6,5,2,2,0,0,1,7.5,1,0
804,24,0,0,11.3,11.1,14.3,10,6,2,1,2,1,0,0,0.6,1,0
104,21,1,2,15.3,10.5,12.8,6,5,2,0,2,0,1,2,2.3,1,1
530,24,0,0,15.0,13.1,8.5,7,8,2,0,1,1,0,2,1.8,1,1
752,16,1,2,11.2,13.4,18.8,4,5,5,1,1,1,0,1,1.4,1,1
897,23,1,0,10.3,13.0,12.6,9,6,4,1,2,1,0,2,1.5,1,0
290,15,0,0,12.9,15.4,8.1,11,2,4,2,1,1,1,0,1.9,1,0
785,22,1,2,15.6,13.2,14.6,6,3,3,1,0,0,0,1,3.1,2,0
1268,17,0,2,9.5,18.2,15.4,9,5,4,1,0,0,0,2,4.4,2,0
456,24,0,2,19.6,17.3,11.7,8,4,2,1,0,1,0,2,3.4,2,1
869,18,1,0,12.1,11.4,17.0,9,2,4,1,1,1,0,1,2.7,0,1
875,15,0,2,8.4,11.0,12.2,8,7,3,2,1,1,1,0,17.2,2,0
309,21,0,2,13.7,13.9,5.0,9,5,1,1,2,1,0,0,4.1,0,0
813,16,1,2,13.8,5.0,13.0,9,6,4,2,2,0,1,1,4.9,1,0
774,22,0,2,15.3,14.1,18.6,9,6,5,2,2,1,0,1,1.5,0,0
47,16,1,1,10.6,8.8,6.9,7,5,4,1,1,1,0,1,3.0,2,1
368,19,0,2,16.0,12.3,13.7,7,6,1,2,1,1,0,1,1.3,1,1
979,22,1,2,11.3,15.0,6.6,5,7,4,1,1,0,1,1,0.0,2,1
777,18,1,2,15.5,7.9,7.1,9,5,4,1,2,1,1,0,3.0,1,1
108,22,0,1,14.6,19.9,5.5,11,2,3,0,0,0,0,0,25.3,0,0
232,15,0,1,11.4,10.5,12.0,5,6,2,0,1,0,1,1,18.6,1,0
582,22,1,2,16.0,15.9,13.9,6,3,5,2,2,1,0,0,1.5,1,1
338,23,1,0,15.0,10.1,13.0,5,5,2,0,2,1,1,0,1.3,0,1
1064,24,0,1,11.7,16.0,7.8,9,4,1,0,0,1,1,1,2.9,1,0
1069,15,1,1,8.7,10.0,10.4,6,4,5,0,0,1,1,1,17.6,0,0
552,17,0,1,13.3,11.0,13.9,5,3,1,1,0,1,1,0,0.7,0,1
913,20,0,1,18.0,17.9,11.7,8,6,3,0,1,1,0,1,5.2,0,1
1494,20,0,1,12.4,11.0,14.8,6,5,1,2,0,1,0,2,1.0,1,0
41,23,0,2,13.7,20.0,10.2,5,6,1,0,2,1,1,2,0.2,2,0
888,24,0,1,11.9,13.3,8.3,10,6,1,1,1,0,0,2,15.6,1,0
636,22,1,2,9.1,13.5,13.4,6,4,3,1,2,0,1,2,0.6,1,0
494,21,0,0,11.0,12.5,7.4,11,6,1,1,0,0,0,1,3.2,1,0
1591,19,1,2,14.3,11.4,20.0,7,4,4,2,1,1,1,1,1.7,0,1
1135,19,1,0,7.4,11.5,19.4,6,5,5,1,1,1,1,0,4.7,1,1
117,24,0,1,15.2,10.8,8.5,12,6,4,2,1,0,0,0,12.7,2,1
1,21,0,1,10.2,8.1,14.5,9,3,3,2,2,0,1,1,3.1,0,0
471,21,0,0,7.8,7.3,12.0,14,2,5,0,2,0,0,0,1.6,1,1
1222,20,1,0,11.9,5.6,10.0,9,9,3,0,0,1,0,1,8.4,1,0
519,17,0,1,11.5,13.3,13.4,4,5,4,1,1,1,0,0,0.8,1,1
45,24,1,1,9.8,7.5,12.7,9,4,5,1,1,1,1,0,10.0,1,1
1565,16,1,2,12.4,7.1,13.2,6,6,2,0,1,0,1,1,3.2,0,1
135,16,0,2,12.5,14.1,7.4,10,5,5,1,1,1,0,0,6.5,0,1
587,24,0,1,16.8,11.3,13.5,9,3,2,1,2,1,0,2,3.3,1,1
874,15,0,1,12.6,8.2,13.2,7,3,3,2,0,0,0,2,3.2,2,0
1584,19,1,2,13.2,16.2,10.5,7,5,5,2,2,1,0,0,2.9,2,1
661,19,0,0,9.1,12.1,9.2,6,2,4,2,2,1,0,0,0.6,1,0
765,24,0,1,10.0,13.5,9.8,13,4,3,0,1,1,1,0,0.0,0,0
1498,23,1,1,16.1,5.0,13.3,6,3,1,2,1,1,1,0,3.5,0,1
854,20,1,0,13.4,5.0,20.0,9,6,2,2,1,0,0,0,1.4,0,1
258,17,0,0,12.6,10.2,10.7,10,4,2,1,2,1,1,1,0.8,2,0
623,15,0,2,13.0,5.0,5.5,6,6,3,2,0,1,1,2,0.0,2,0
694,23,1,0,12.8,15.2,11.5,6,2,5,2,1,1,0,0,7.4,1,1
69,21,0,1,13.7,10.2,12.2,3,1,2,1,2,0,0,0,4.4,0,1
337,16,0,0,9.9,11.3,9.8,13,1,2,0,2,1,0,0,9.3,2,0
1356,23,0,1,17.6,10.0,12.8,7,4,2,2,1,0,0,2,0.1,1,1
642,20,1,0,10.1,12.5,7.4,17,7,4,2,0,1,1,1,6.6,0,0
1121,23,1,2,15.2,12.0,7.9,11,1,3,0,2,1,0,1,1.6,1,1
711,23,0,1,14.6,5.0,17.1,3,7,5,2,1,1,1,1,7.3,1,1
103,21,0,1,14.2,5.0,7.3,10,5,4,2,1,0,0,0,2.8,1,1
87,17,1,0,9.5,12.2,17.3,12,3,3,2,1,1,1,0,0.1,0,0
1322,22,1,0,11.4,5.6,7.1,6,3,3,2,1,1,0,2,0.2,1,0
1142,21,1,2,14.4,11.3,8.3,11,5,5,1,2,1,0,0,9.9,0,1
1452,22,1,0,15.7,15.5,12.3,10,5,1,0,1,1,1,0,4.4,0,1
357,24,0,0,14.2,19.0,15.7,10,8,3,0,1,1,1,0,3.9,0,0
158,17,0,2,10.3,14.4,20.0,5,11,1,2,0,0,1,1,10.2,2,0
895,23,1,2,11.1,5.0,11.0,10,3,2,0,0,0,0,1,16.7,0,0
1552,24,1,1,11.2,12.7,18.5,7,6,5,0,2,0,0,0,11.4,1,0
737,20,1,1,7.0,8.5,12.0,10,9,1,2,2,0,0,2,0.9,0,0
597,16,1,1,17.6,13.8,8.6,11,6,4,0,1,1,1,0,6.6,1,1
1597,20,1,0,9.3,13.3,7.8,9,6,3,2,0,0,1,2,0.5,0,0
534,17,1,1,11.0,12.6,17.0,8,4,2,0,1,1,1,2,3.5,1,0
1550,17,1,0,12.2,15.4,14.9,9,1,4,1,2,1,0,2,0.1,1,1
336,17,1,0,8.3,16.4,10.7,5,2,1,1,1,1,1,2,8.3,2,0
384,24,0,0,10.3,8.7,11.5,9,5,3,2,2,1,1,2,5.8,1,0
1297,24,1,1,10.6,19.4,9.8,8,5,1,2,0,1,1,0,0.9,2,0
487,15,0,1,14.5,9.4,12.1,12,5,3,1,2,0,0,0,1.9,0,1
1383,16,0,2,12.6,15.4,6.0,13,8,2,0,2,1,1,0,8.9,2,0
495,19,0,1,17.0,13.6,16.0,10,5,3,0,1,0,1,2,2.3,0,1
363,20,0,1,13.1,14.3,13.1,7,6,1,0,0,1,1,0,1.4,2,0
452,17,1,1,13.6,14.3,13.5,4,6,5,0,0,1,1,2,2.2,0,1
1387,18,1,2,7.7,12.8,14.7,11,4,5,2,0,0,0,2,0.5,1,0
397,16,1,0,9.7,14.5,12.7,7,8,3,1,1,1,0,0,13.6,0,0
811,17,0,2,9.0,5.1,12.7,6,3,4,2,1,1,0,0,8.3,2,0
304,19,0,0,10.5,12.5,14.7,5,3,4,0,2,1,0,1,2.4,1,1
700,17,0,2,15.8,7.0,9.6,5,3,3,2,0,1,0,0,2.0,1,1
1349,18,0,1,12.7,14.6,15.8,4,6,2,0,0,0,0,0,3.6,1,0
287,16,0,2,12.7,7.1,7.4,4,4,1,0,2,1,1,2,0.5,1,1
1326,19,1,1,13.0,5.4,14.6,12,1,5,1,1,0,0,0,2.7,0,1
1324,16,0,0,17.3,9.1,16.9,4,3,4,1,2,0,1,0,14.9,2,1
993,20,1,0,8.5,8.8,15.8,9,6,2,1,1,0,1,2,2.0,1,0
1287,21,1,2,12.9,17.5,14.4,10,7,1,0,0,1,1,1,3.9,0,0
1136,21,1,2,7.8,15.6,18.4,7,5,4,1,0,0,0,0,1.7,0,0
1365,18,0,1,14.4,20.0,15.9,9,2,5,1,2,0,0,1,3.3,0,0
350,16,1,2,12.1,16.9,12.5,11,6,5,2,2,0,1,0,0.7,1,1
149,18,1,2,11.6,10.8,14.7,9,3,4,1,1,1,1,0,2.2,2,1
449,15,0,0,15.6,10.1,12.1,8,7,3,0,0,1,1,0,12.3,2,1
1273,16,1,1,14.1,8.4,9.3,9,6,5,1,1,1,0,0,5.1,2,1
259,23,0,1,7.5,10.2,11.5,8,6,5,1,1,1,0,1,5.5,0,0
638,19,0,0,18.5,14.7,8.4,5,9,5,2,2,0,1,0,0.1,0,1
641,15,1,0,6.7,16.5,8.4,3,2,3,0,2,0,1,0,4.2,1,0
1240,20,1,2,10.6,8.7,16.4,9,4,4,0,2,0,0,1,0.3,1,0
953,22,0,2,12.1,17.2,9.5,11,5,5,1,1,1,0,2,0.8,1,0
27,24,1,1,14.6,14.2,19.8,9,8,5,1,2,0,0,0,0.5,0,1
1018,21,0,1,12.6,14.6,13.9,8,2,4,2,0,1,1,1,4.3,0,0
95,21,0,2,12.4,8.9,7.4,11,2,3,1,1,0,1,1,6.1,1,1
1401,22,0,0,14.4,12.7,17.1,10,5,5,1,2,0,1,2,2.5,2,1
1478,24,0,1,8.7,15.1,12.9,10,4,2,0,2,1,1,1,2.0,0,0
773,15,1,1,14.1,8.1,12.0,3,4,3,2,1,0,0,1,1.5,2,1
917,17,1,2,15.2,13.2,15.4,7,4,2,0,2,0,1,0,0.4,0,1
1344,16,1,2,5.0,17.7,13.1,7,10,1,2,0,0,0,0,2.4,2,0
728,19,0,1,16.8,17.1,14.4,8,10,1,2,1,0,0,0,0.6,0,0
1473,19,0,0,12.7,9.1,9.6,9,4,2,0,2,0,1,2,8.6,1,0
328,22,1,1,10.5,11.2,13.0,9,4,5,0,0,1,0,2,1.0,0,0
429,18,0,2,12.4,20.0,18.2,9,2,1,1,2,0,1,2,6.0,2,0
795,23,1,1,14.5,16.9,13.4,5,5,3,2,2,1,0,0,8.8,0,1
1328,24,0,0,10.7,14.7,12.7,5,8,2,2,0,1,1,1,3.0,1,0
890,22,0,1,18.7,16.0,13.3,4,3,1,2,2,1,1,0,0.3,2,1
1298,24,1,0,14.9,16.6,16.2,7,3,4,2,2,1,0,0,3.4,1,1
434,17,0,0,14.6,10.6,13.4,7,5,5,2,2,1,1,0,0.1,0,1
1171,22,1,0,12.5,14.1,8.1,10,6,1,1,0,0,0,2,0.6,1,0
1241,20,0,1,15.3,17.6,10.8,9,5,2,0,0,1,1,1,4.3,1,0
128,19,0,2,11.4,11.3,9.7,9,4,4,0,1,1,1,2,8.1,0,0
980,19,1,0,12.0,15.5,14.0,5,2,4,1,2,0,1,2,16.2,0,0
1557,23,0,2,8.2,9.7,13.7,7,10,2,1,2,1,1,1,1.1,2,0
1517,16,0,0,14.3,5.0,11.3,5,3,2,1,0,1,1,1,2.7,0,1
1066,19,1,2,9.5,14.7,11.7,13,11,1,1,1,1,1,0,2.8,2,0
424,21,0,2,14.4,14.3,11.4,6,3,2,1,2,0,1,2,7.8,0,1
422,15,1,0,12.9,6.0,9.8,6,4,4,2,1,1,1,2,5.0,2,1
539,24,1,0,16.1,15.3,14.8,9,5,3,1,0,1,0,2,0.1,2,0
1497,24,0,2,11.8,20.0,12.6,5,4,1,2,2,1,0,2,0.8,1,0
1415,16,0,1,8.7,13.3,19.8,6,7,3,0,1,0,1,1,0.9,2,0
126,18,0,1,5.0,10.5,16.1,1,0,3,0,0,0,1,1,1.9,1,0
1065,16,0,0,15.6,8.8,13.6,3,5,1,0,2,0,0,0,10.8,1,1
1442,20,1,1,12.0,7.4,12.9,9,4,4,1,2,0,0,1,2.1,1,1
995,21,1,2,14.1,18.2,19.6,3,6,4,1,0,1,1,0,8.2,2,1
569,21,1,2,13.9,15.1,15.8,6,8,5,2,2,1,1,2,1.8,2,1
360,15,1,0,15.9,15.7,13.0,5,2,1,1,1,1,1,0,1.1,2,1
279,20,0,2,10.9,5.0,14.9,8,3,5,2,1,0,1,2,20.3,2,0
1586,16,0,1,12.3,16.5,8.5,10,4,2,0,1,1,0,2,4.5,0,0
415,18,1,1,18.1,11.4,10.2,7,7,3,1,1,0,1,2,17.8,0,1
169,21,0,2,8.7,15.1,13.0,5,8,4,2,0,0,1,1,9.8,1,0
726,18,1,1,8.9,14.2,10.3,9,6,3,2,1,0,1,2,0.2,0,0
608,22,1,0,11.2,8.5,9.3,7,8,3,0,1,0,1,1,1.4,1,1
36,19,0,1,12.5,9.9,13.8,8,4,1,2,0,0,0,1,7.9,1,0
843,21,0,0,16.3,12.5,9.7,7,3,2,1,2,1,0,0,2.4,0,1
883,16,1,1,11.6,7.7,13.7,7,4,5,2,1,1,0,0,1.2,1,1
905,19,1,1,12.3,16.6,14.2,7,4,2,2,2,0,1,1,1.8,0,0
1260,15,0,0,15.0,10.3,12.3,7,5,1,0,1,1,1,0,3.0,0,1
358,24,1,0,17.9,15.1,14.5,6,6,5,1,2,1,0,0,6.4,1,1
556,18,1,0,11.1,11.3,11.5,5,7,4,0,0,0,1,0,3.3,2,1
627,18,1,0,15.0,12.9,10.3,6,4,4,2,1,0,1,2,0.8,0,1
1361,15,0,0,14.2,11.8,12.4,9,5,5,1,1,0,0,1,2.7,2,1
760,24,0,2,15.9,17.3,11.1,7,6,3,2,1,1,1,0,12.9,2,1
1306,21,1,1,13.3,14.3,12.6,5,5,4,2,1,1,1,1,0.7,2,1
1453,17,0,2,5.0,19.3,12.1,9,2,1,2,0,1,1,2,1.3,0,0
1164,17,0,0,9.7,17.3,15.3,12,5,4,2,0,1,1,1,1.4,0,0
821,24,0,1,9.6,20.0,9.3,6,5,5,2,0,1,0,2,11.6,0,0
713,15,1,0,10.7,10.7,15.9,8,5,4,2,2,1,1,1,9.5,0,0
327,15,1,0,10.8,17.9,13.5,7,4,3,2,0,1,0,0,1.5,0,0
375,21,0,0,12.7,14.7,17.1,9,3,2,0,1,0,1,1,0.6,0,1
499,23,1,2,12.7,8.8,12.7,11,7,5,1,1,0,0,2,5.3,0,0
1267,17,1,2,11.7,18.5,9.1,6,4,1,1,1,0,0,0,2.0,1,1
962,15,1,2,8.5,15.2,16.9,5,7,3,1,0,1,1,2,2.6,2,0
1083,17,0,0,9.3,9.1,10.7,7,6,1,1,2,1,0,1,2.9,2,0
423,19,1,1,7.7,8.1,16.8,7,5,5,1,0,1,1,1,3.0,1,0
475,16,1,0,8.9,15.3,14.3,7,10,1,2,2,0,0,1,0.6,2,0
680,22,0,1,10.3,6.6,18.1,10,6,5,0,1,0,1,0,0.4,0,1
334,21,0,0,16.5,14.9,16.3,10,5,2,2,2,1,0,1,6.3,1,0
934,15,0,1,13.3,9.5,14.4,7,4,5,0,1,1,0,2,10.1,0,0
404,19,1,1,12.5,12.0,14.0,8,2,2,0,2,0,0,2,1.0,2,0
715,21,1,0,9.1,7.3,9.4,15,5,3,1,2,0,0,0,1.1,1,0
271,18,1,0,10.7,9.9,11.8,9,6,4,2,2,0,0,0,15.4,1,0
501,23,1,0,11.8,9.1,12.2,4,6,3,2,0,0,0,0,0.8,0,0
551,20,0,1,10.5,12.5,20.0,7,3,2,0,0,1,1,2,1.5,2,0
1252,16,1,0,13.1,11.3,11.5,10,7,2,0,2,1,0,0,12.5,1,0
1214,19,0,1,16.4,9.6,17.6,7,2,2,1,0,0,1,1,4.2,0,1
1120,20,1,0,13.5,13.0,9.2,11,5,2,1,1,0,1,2,1.1,0,0
1563,19,1,1,14.1,11.1,9.7,5,2,5,2,2,1,0,1,0.5,2,1
809,18,0,0,12.9,12.5,11.8,8,4,2,0,1,1,1,1,0.0,0,1
1454,24,0,2,13.3,10.4,15.8,6,2,3,1,2,0,1,1,23.3,1,0
1364,16,0,2,19.5,12.5,19.6,12,4,1,0,1,1,0,1,6.4,2,1
1536,18,0,0,11.6,16.1,14.0,7,3,3,2,1,1,0,2,3.6,1,1
322,21,1,0,11.1,11.5,10.0,8,5,5,2,1,0,0,0,1.9,1,1
1568,17,0,0,14.6,9.7,9.7,11,5,3,0,1,1,1,2,8.5,2,0
718,15,1,2,10.9,11.6,9.9,7,3,5,1,0,0,1,2,0.4,1,1
770,15,0,0,13.4,12.9,9.6,9,2,1,0,2,1,0,2,4.3,1,0
601,19,0,2,14.7,8.8,10.4,8,5,5,0,0,1,0,0,1.1,2,0
419,19,0,1,10.9,14.0,12.6,8,4,2,1,1,1,1,2,1.3,2,0
1139,24,1,2,11.8,12.4,12.5,7,5,4,1,0,0,1,1,1.4,2,1
685,24,1,2,9.2,9.7,9.8,5,3,2,1,1,1,1,2,0.7,0,0
366,15,0,0,5.0,10.9,11.3,3,7,2,0,0,0,1,1,1.3,1,0
724,24,1,1,12.0,11.4,10.1,3,3,3,1,1,0,1,2,8.6,2,1
1346,16,1,1,13.6,10.7,8.7,9,6,4,2,0,1,1,2,3.9,0,0
465,24,0,0,10.0,16.2,7.1,12,7,5,2,0,1,1,2,3.7,1,0
959,18,0,0,13.7,11.2,8.8,7,3,5,1,2,1,1,2,16.0,2,1
1510,24,0,1,10.0,12.1,12.9,11,7,3,0,1,0,0,0,6.5,2,0
1291,22,1,0,11.1,8.8,12.6,3,4,5,1,2,0,1,0,3.5,0,1
210,17,1,1,10.5,11.3,10.9,5,8,5,1,1,0,1,2,4.9,2,0
1337,16,1,0,10.7,5.0,7.9,7,4,2,2,2,1,1,2,0.3,1,0
1099,22,0,2,13.6,14.5,20.0,8,0,2,0,1,1,1,1,1.3,1,1
782,22,0,1,13.0,13.3,12.3,8,10,5,0,1,1,1,1,2.8,0,1
466,24,1,2,14.6,11.7,15.1,7,5,1,1,2,0,0,2,8.0,0,0
79,15,1,0,9.4,9.8,17.2,8,4,2,1,2,1,0,0,1.4,2,0
124,21,1,0,12.1,16.7,13.7,11,7,1,2,2,0,1,2,4.8,1,0
851,16,1,0,14.8,13.0,15.1,9,4,1,0,2,0,1,1,7.2,1,1
1153,16,1,0,15.4,9.5,12.2,5,3,1,1,2,1,1,1,7.4,0,1
1197,20,0,0,11.3,9.3,13.3,4,3,3,2,2,1,1,0,2.3,2,1
692,20,1,0,11.5,12.9,8.4,3,7,4,2,0,0,1,1,2.0,2,1
224,16,1,1,9.8,16.1,9.3,9,4,2,1,2,1,0,1,0.2,2,0
1060,22,0,0,9.9,11.1,12.6,3,5,3,1,1,1,0,1,1.8,2,0
1472,21,1,2,15.1,15.1,14.5,11,6,1,1,2,1,0,1,0.5,0,1
1052,17,0,0,15.2,12.1,15.7,6,7,2,1,2,1,0,1,11.6,0,1
1556,15,0,0,14.7,20.0,13.9,7,7,3,1,0,0,1,0,3.0,0,1
442,16,1,1,9.5,7.0,14.5,8,3,3,0,0,1,1,2,4.4,2,0
172,15,1,1,7.6,18.4,11.2,3,3,2,0,1,1,1,2,1.0,2,0
1203,24,0,2,10.7,16.3,8.4,5,1,2,0,0,0,1,2,7.2,2,0
799,21,0,0,10.3,11.0,16.4,7,6,3,1,1,0,1,0,17.5,2,0
1043,18,0,0,12.5,12.7,17.3,10,6,3,2,1,0,0,1,1.9,0,0
281,20,0,1,8.0,10.1,6.6,8,9,2,1,2,0,1,1,2.7,2,0
763,24,0,1,10.9,12.4,12.2,6,8,4,1,2,0,0,2,2.8,2,0
920,19,0,0,7.4,14.1,11.7,3,9,5,0,1,0,0,2,3.3,2,0
151,17,1,2,11.5,13.1,8.1,11,8,2,1,0,1,1,1,3.3,2,0
704,20,0,1,10.8,14.7,5.9,7,3,2,1,0,0,0,1,1.5,0,0
1130,22,0,2,8.8,8.4,14.3,7,7,4,1,2,1,0,2,10.5,1,0
1305,24,0,2,10.1,16.2,10.2,3,12,5,1,0,0,1,1,13.5,1,0
985,18,1,0,10.1,13.2,13.3,6,7,2,1,1,1,0,1,12.8,0,0
753,24,1,0,9.0,19.0,17.1,5,7,3,0,0,1,1,2,1.5,0,0
231,18,0,1,12.0,12.9,13.7,7,3,4,2,1,1,1,2,0.9,0,1
747,24,1,0,13.4,16.4,14.5,5,2,5,1,1,0,0,2,1.8,0,1
762,15,0,1,8.2,13.4,6.7,8,1,2,1,2,0,0,0,2.8,0,0
971,24,0,1,13.3,16.2,7.4,4,3,1,2,0,0,0,1,2.8,1,0
485,22,0,0,15.3,6.1,7.7,8,4,2,2,0,1,1,1,3.9,2,1
1558,22,1,2,16.0,12.4,8.0,11,10,3,0,1,1,0,0,7.0,1,0
94,24,0,1,12.2,9.4,7.2,6,6,4,0,2,1,0,0,2.3,1,1
92,15,0,1,6.1,10.0,10.6,10,3,3,2,1,0,0,1,8.5,1,0
518,19,0,0,12.3,15.5,8.8,8,4,4,0,0,0,1,0,5.3,2,1
1126,22,0,1,11.1,16.0,12.1,11,10,3,1,2,1,1,1,2.2,1,0
237,21,1,0,11.4,12.9,13.8,8,3,3,2,1,0,1,1,14.8,0,0
1540,17,1,2,10.4,18.2,13.2,9,5,2,1,2,0,1,0,2.3,2,0
823,19,0,0,6.1,7.3,13.0,14,6,1,1,0,1,1,0,9.7,0,0
1271,17,0,1,12.6,20.0,13.6,10,2,1,2,0,0,1,2,2.5,0,0
1117,22,1,0,9.4,12.0,13.5,6,6,3,0,0,0,0,0,3.5,2,0
262,16,0,2,16.1,5.0,12.0,11,4,2,1,2,1,0,0,1.1,1,1
1409,17,0,0,12.0,15.8,16.8,10,4,5,2,1,1,0,2,1.2,2,0
745,17,0,0,15.5,11.1,9.4,8,4,2,0,1,1,0,0,2.8,2,1
1248,17,0,1,12.3,10.9,7.8,9,7,4,1,2,1,0,0,2.8,0,0
165,15,1,0,9.6,15.9,14.8,9,4,3,2,1,1,1,1,0.1,0,0
927,16,0,1,7.8,5.0,12.0,6,2,1,2,1,1,1,1,1.8,1,0
496,15,1,0,10.7,8.4,5.7,10,8,5,2,2,0,0,2,2.1,0,0
1435,24,1,1,10.8,5.9,8.0,6,8,4,1,2,0,0,0,0.3,2,1
426,24,0,0,14.1,19.2,8.0,6,5,1,1,0,0,1,1,17.3,1,0
1531,15,0,2,8.9,11.0,6.4,7,7,2,0,0,1,1,1,4.5,2,0
928,22,0,0,9.0,5.0,5.7,7,7,4,1,2,1,0,0,4.4,0,0
635,24,1,2,11.1,8.7,12.4,7,8,5,2,1,1,1,0,0.3,1,1
1239,22,0,2,14.6,20.0,8.5,10,6,4,1,2,1,1,0,0.7,0,1
1340,16,0,2,11.6,18.5,14.8,7,7,1,1,1,1,1,2,4.5,0,0
1460,15,1,1,13.3,8.0,12.2,5,8,4,0,0,1,0,2,4.1,2,0
1254,24,1,0,14.3,14.7,9.3,6,4,5,2,2,0,1,2,3.1,2,1
580,15,0,2,7.2,11.7,9.6,12,4,1,2,2,1,1,2,1.4,1,0
346,22,0,0,7.8,12.2,8.7,5,3,1,0,0,1,0,2,11.2,1,0
673,19,1,1,10.3,16.6,14.4,6,5,2,2,2,1,1,0,5.4,2,1
12,22,1,2,16.2,11.2,5.4,7,9,1,0,1,0,1,1,1.6,1,1
610,22,1,2,11.7,15.2,14.0,6,6,2,2,2,1,0,0,1.0,0,0
378,16,1,1,11.2,15.9,8.6,6,7,1,2,1,0,0,2,2.4,0,0
663,17,1,2,10.8,9.6,6.5,5,0,3,2,1,1,0,1,12.1,2,0
742,22,0,2,7.0,11.8,10.1,7,10,4,2,2,1,0,1,7.0,0,0
963,19,0,0,12.0,17.6,19.9,6,7,1,0,1,1,0,2,3.9,2,0
1227,17,1,1,5.0,13.5,12.5,14,4,1,2,1,0,0,0,0.0,1,0
1088,15,0,1,6.6,13.8,13.3,7,2,5,1,0,1,0,1,2.8,1,0
1500,19,1,1,15.0,5.0,14.3,12,2,1,2,0,0,0,2,2.0,2,0
96,24,0,0,12.9,6.9,10.5,8,7,2,0,0,0,1,1,8.5,1,0
272,22,1,1,15.2,11.7,13.9,7,6,3,0,2,0,0,0,0.1,1,1
214,18,0,1,11.4,8.9,8.1,6,0,1,0,1,1,0,1,8.3,0,0
1290,20,0,0,8.7,17.7,16.0,7,9,3,1,1,0,1,2,9.0,1,0
312,16,0,0,13.0,7.8,10.2,3,8,2,1,1,1,0,2,11.3,2,0
1279,23,0,1,14.7,10.3,9.3,5,7,4,2,2,0,1,2,0.7,2,1
1549,19,1,0,14.0,12.4,20.0,7,4,1,0,1,1,0,2,2.1,1,1
127,18,0,2,11.9,9.8,13.1,9,2,4,0,1,1,1,0,2.2,1,1
88,15,0,2,17.2,6.7,10.9,4,9,3,2,2,1,1,2,5.1,1,1
1391,19,0,0,12.5,13.5,16.0,7,11,3,2,2,0,1,2,3.6,0,0
677,18,1,2,11.4,11.5,11.2,8,4,2,0,0,0,0,0,0.8,1,0
616,22,0,1,10.9,9.7,14.3,9,8,3,2,2,1,1,0,2.6,0,1
387,19,0,0,13.6,5.5,17.7,6,5,5,2,0,1,1,0,6.6,2,1
70,23,0,0,13.0,18.9,13.9,8,4,2,2,2,1,1,0,5.0,0,1
1521,21,1,1,15.0,9.7,10.9,6,5,4,1,0,0,0,0,4.3,0,0
712,20,1,0,13.0,11.9,5.0,2,4,3,1,0,0,1,2,1.4,2,1
1518,18,0,0,13.9,12.8,11.2,7,8,4,2,2,1,0,1,0.3,2,1
629,20,0,0,8.6,15.5,8.9,13,8,4,0,1,0,1,1,0.6,0,0
1165,18,1,0,20.0,11.7,9.3,8,3,2,2,0,1,0,1,4.3,1,1
872,15,0,0,12.5,11.3,8.8,4,5,4,0,2,0,1,1,0.9,0,1
1317,17,1,1,18.4,10.7,14.0,9,3,1,1,2,0,1,1,0.5,1,1
593,17,0,2,13.4,6.5,12.9,10,5,1,2,2,1,0,2,1.6,0,0
1236,20,1,0,10.0,10.7,16.2,11,5,5,2,1,1,1,0,0.2,1,1
896,15,1,0,10.9,14.5,7.6,6,4,5,2,0,0,0,0,4.8,1,0
1539,20,0,2,14.2,11.8,18.7,9,5,4,1,2,1,0,0,7.0,0,1
392,19,0,0,13.6,20.0,8.1,10,4,2,2,1,0,1,1,5.7,0,1
171,17,1,2,13.9,7.6,7.3,5,4,3,2,1,0,0,2,3.5,1,1
1470,18,0,2,12.0,16.4,19.4,8,4,3,1,2,0,0,1,4.3,2,1
678,15,0,2,9.5,6.5,5.9,9,6,5,0,0,0,1,2,15.9,1,0
370,21,1,2,17.2,13.4,8.0,9,7,1,2,2,1,1,1,9.4,0,1
1596,15,1,1,9.4,10.9,10.3,13,4,2,0,1,0,0,0,5.3,2,0
626,19,0,1,12.7,11.8,11.3,8,8,4,0,2,0,1,2,13.6,1,0
1299,21,1,0,15.4,14.3,13.9,10,6,2,1,1,1,1,2,3.3,0,0
796,21,1,1,9.6,8.3,9.3,8,0,2,1,0,1,0,0,1.8,0,0
176,15,0,0,15.5,14.4,20.0,8,1,1,2,2,1,0,0,0.1,0,1
260,16,0,0,7.8,12.6,7.9,11,4,5,0,1,1,1,1,3.4,2,0
40,18,1,2,10.3,14.7,6.6,6,5,5,0,1,0,1,0,1.7,1,1
462,15,1,2,17.8,8.4,14.5,5,2,5,2,1,1,1,1,2.2,0,1
106,19,0,1,16.0,12.6,12.1,6,12,3,0,1,1,1,2,2.3,0,1
1523,20,0,0,12.5,7.6,5.9,9,7,5,2,2,0,1,1,2.7,0,1
1170,24,1,1,14.6,8.5,20.0,4,4,3,2,1,0,1,1,2.6,0,1
570,17,1,1,12.4,13.1,9.6,7,3,4,0,2,1,1,0,3.3,2,1
1100,21,0,1,10.3,10.6,11.2,5,7,2,1,0,1,0,0,6.6,2,0
672,15,1,2,15.9,11.5,12.2,9,6,5,1,0,0,0,1,0.6,2,1
990,24,1,1,14.8,11.9,10.6,13,5,4,0,2,0,0,1,11.3,0,0
448,15,0,0,8.3,10.6,9.2,8,2,5,2,1,1,0,2,0.8,0,0
146,15,1,2,14.4,10.7,8.9,7,2,4,1,1,0,1,2,4.5,1,1
1468,19,1,2,14.2,13.4,6.2,10,4,4,0,2,1,1,1,3.8,2,0
1026,23,0,2,8.7,17.6,8.1,4,8,5,2,1,1,1,0,0.2,0,1
464,22,0,1,6.2,6.6,11.6,8,8,2,0,1,0,0,2,1.0,2,0
1275,19,0,0,12.1,17.6,12.4,5,5,3,2,0,1,0,0,1.4,2,0
729,16,1,0,10.9,9.6,13.7,8,7,4,1,0,0,0,1,5.7,0,0
885,24,0,2,12.0,12.7,11.4,8,5,3,1,1,1,1,2,0.2,2,1
446,16,1,0,7.1,8.5,12.1,11,5,5,2,2,1,1,0,5.9,0,0
771,24,1,2,11.8,11.7,8.3,9,7,1,0,0,0,1,0,0.8,0,1
1184,20,0,2,12.5,5.0,12.2,6,5,2,0,1,1,0,1,0.8,2,0
1436,23,1,1,19.1,7.0,10.9,13,1,4,0,0,1,1,0,7.5,2,1
1417,15,1,2,15.3,11.7,17.1,7,6,4,0,2,0,1,1,4.1,2,1
817,22,1,2,16.7,13.3,13.1,9,9,5,0,2,1,1,0,10.7,1,1
512,23,1,2,12.6,10.6,10.1,11,6,3,0,2,0,0,2,1.7,0,0
1209,23,1,2,11.4,5.0,14.7,9,3,1,0,0,0,1,1,3.1,1,0
816,16,1,2,12.7,16.2,11.0,6,6,3,2,1,0,1,0,17.5,1,1
621,18,1,2,13.5,12.9,16.9,6,6,4,0,2,1,0,2,0.6,0,1
493,22,1,0,10.1,19.4,5.0,9,2,4,2,1,1,1,0,10.4,2,1
922,24,1,0,12.8,12.7,11.1,7,4,5,0,1,0,0,2,9.5,2,0
478,23,0,2,6.0,8.7,10.7,6,7,5,0,1,1,1,0,10.1,1,0
1265,23,0,0,14.4,9.1,12.6,11,4,5,1,2,1,1,1,8.9,1,1
112,17,1,2,9.2,12.4,17.2,9,4,5,0,1,1,0,1,4.5,2,0
1482,16,0,1,14.0,14.6,15.1,9,4,2,1,2,1,1,0,6.4,2,1
832,15,0,2,9.7,12.1,7.6,12,6,5,2,2,0,1,2,2.6,1,0
1097,18,1,2,9.2,7.9,12.3,13,3,1,2,2,1,1,2,6.0,0,0
291,19,0,2,10.1,13.5,10.2,8,2,5,0,2,1,1,1,2.3,1,1
174,15,1,1,10.9,9.6,13.4,9,8,1,1,1,0,1,2,6.8,0,0
1230,22,0,0,15.3,8.7,9.1,10,5,3,2,1,0,1,1,16.4,0,1
4,19,0,0,16.1,6.1,13.9,5,3,4,1,0,1,0,1,0.1,0,1
488,17,0,0,9.1,14.5,6.2,6,4,4,1,2,0,1,2,0.2,1,0
293,18,0,1,10.7,6.5,10.4,10,9,2,2,2,0,1,1,9.5,2,0
1055,23,1,0,8.3,6.9,13.5,8,5,3,2,0,1,0,0,14.9,2,0
797,19,1,1,9.6,10.1,10.9,7,0,3,1,1,0,1,2,5.0,1,0
221,15,0,2,17.2,12.0,13.5,13,6,3,2,2,1,1,2,0.7,0,1
634,16,0,2,15.9,14.3,19.2,7,3,1,0,1,1,1,0,0.6,2,1
91,17,1,0,13.6,5.0,14.8,10,5,4,1,1,1,1,0,0.4,1,1
1285,19,1,0,15.4,5.8,11.2,8,7,3,0,0,1,1,1,1.6,0,0
725,15,0,1,10.6,8.1,10.9,9,7,2,0,1,0,1,2,17.2,0,0
1562,15,1,0,7.8,16.0,7.4,1,5,4,2,1,1,1,1,3.3,0,1
1336,23,1,0,15.9,10.8,10.6,4,2,4,2,2,0,1,1,6.8,2,1
1411,24,1,1,13.2,14.6,7.2,5,4,3,1,1,0,0,2,2.4,1,1
329,15,1,1,8.2,14.7,13.5,5,5,3,0,2,1,0,2,1.3,0,0
1124,17,0,1,12.2,9.0,11.1,5,2,4,2,2,1,1,1,6.4,2,1
248,22,0,0,14.0,5.0,15.8,5,4,3,1,2,0,0,0,5.0,1,1
1028,20,1,2,11.5,15.0,11.6,6,2,5,2,0,1,1,0,2.7,1,1
326,24,1,0,5.0,13.0,12.8,10,3,1,1,2,0,1,2,7.9,1,0
1464,22,1,1,13.3,15.2,14.3,7,6,2,1,2,0,0,2,1.4,2,0
1046,20,0,2,17.6,6.5,10.8,9,2,5,1,1,1,0,0,0.7,1,1
986,18,1,0,9.6,10.0,12.7,11,11,5,1,1,0,0,0,9.6,0,0
746,16,1,0,13.9,11.3,10.9,6,4,2,1,1,1,1,2,3.3,2,1
38,21,1,1,12.4,17.3,14.9,7,5,2,1,2,1,1,0,1.7,1,1
952,17,0,1,11.2,16.8,12.9,9,10,5,2,1,1,0,1,0.4,1,1
399,23,1,1,7.9,9.2,11.6,6,6,5,2,1,0,1,1,4.4,2,0
1215,21,1,0,12.2,10.5,12.6,6,2,3,0,2,1,1,0,5.9,1,1
833,19,1,1,9.6,7.9,10.8,4,2,2,1,2,0,1,0,2.3,2,1
510,23,0,1,11.6,14.8,11.2,6,2,5,1,1,0,1,1,3.3,1,1
118,21,1,1,11.7,14.1,14.7,4,7,1,0,0,1,1,2,1.3,2,0
57,16,0,1,9.7,12.5,15.3,5,4,4,0,2,1,1,1,2.1,0,1
132,21,0,1,10.2,18.2,9.7,8,8,2,2,2,0,1,1,3.3,1,0
857,22,0,0,13.1,10.5,8.5,7,6,4,1,2,1,1,2,2.2,2,0
1505,16,0,2,11.5,6.4,13.2,4,9,5,0,1,1,0,0,11.0,2,1
1114,23,1,2,11.1,7.7,13.0,8,6,1,2,0,1,1,2,7.6,0,0
1555,17,1,0,10.8,10.5,13.6,5,3,4,2,2,1,1,0,10.7,1,1
603,20,1,0,11.8,7.8,7.7,12,5,5,2,2,1,1,0,2.0,1,0
748,17,1,1,15.9,10.5,10.3,6,6,3,0,1,0,1,0,0.5,1,1
138,19,0,0,13.1,13.7,16.0,8,4,1,2,0,1,1,1,4.1,1,0
1370,19,1,2,10.4,14.6,10.0,10,5,3,1,0,1,0,2,0.2,2,0
1007,19,1,2,10.6,15.1,5.9,6,6,1,1,2,1,1,1,4.8,0,0
1075,20,1,1,9.6,10.6,9.8,8,6,3,1,0,0,1,2,2.4,0,0
526,23,0,1,9.5,5.1,16.4,5,4,5,1,0,0,1,1,9.8,2,0
606,23,0,1,9.0,16.3,14.4,5,5,5,2,0,1,1,1,5.0,1,0
581,23,1,0,15.1,10.5,16.8,7,4,4,2,0,1,1,0,3.5,0,1
144,21,1,1,11.2,15.3,14.8,5,1,3,2,1,1,1,2,6.3,0,0
664,19,1,2,7.8,13.2,17.0,5,6,5,2,0,1,1,1,4.6,0,0
324,24,0,2,11.9,9.3,11.1,4,3,2,0,1,1,1,0,14.5,1,0
1481,21,1,1,14.5,10.3,15.1,8,2,1,2,2,0,1,1,4.4,2,1
1123,17,1,0,12.2,5.0,13.4,8,6,1,0,0,0,1,1,0.8,0,0
1564,22,1,0,20.0,10.0,8.3,6,6,5,2,2,0,0,2,7.7,1,1
163,23,0,1,15.4,12.2,5.2,4,5,4,0,2,1,0,0,1.4,1,1
1480,19,1,0,10.4,20.0,6.1,7,1,5,2,1,1,0,2,0.2,1,1
579,23,1,1,12.2,10.7,18.4,7,7,4,2,2,0,0,2,5.4,1,0
894,19,0,2,10.2,9.8,18.2,7,5,1,2,1,1,1,0,8.4,2,0
483,19,1,1,10.1,12.3,11.3,8,5,2,2,2,0,1,0,0.4,0,0
772,18,1,1,15.7,10.5,14.1,8,7,5,1,1,1,0,1,3.6,0,1
58,20,1,2,16.4,11.7,11.5,7,2,1,2,2,0,0,1,2.6,1,1
1434,16,1,0,19.2,9.9,20.0,6,4,4,1,1,0,1,1,28.2,1,1
839,18,0,0,14.0,12.0,16.5,10,3,3,0,1,0,0,0,1.2,0,1
861,16,0,1,16.7,16.9,14.9,6,6,2,1,0,1,0,2,0.9,1,0
1212,16,0,2,13.6,7.4,10.8,6,4,4,1,0,0,1,2,6.4,0,1
1339,24,0,1,16.7,15.5,10.4,17,1,5,1,1,0,0,1,1.7,2,0
1039,19,1,1,17.9,17.0,13.2,10,3,1,1,1,1,0,0,3.2,1,1
438,19,1,2,12.6,11.0,11.2,8,14,3,2,0,1,1,0,4.3,0,0
379,24,1,1,12.6,7.6,14.6,10,2,4,1,1,1,1,1,13.1,0,1
430,16,0,1,12.3,20.0,12.4,11,2,5,1,0,0,1,1,10.9,1,0
235,19,1,2,12.5,9.2,14.5,6,3,1,0,1,1,0,0,6.1,1,1
1009,24,0,1,14.9,12.0,12.3,3,6,4,1,0,1,1,1,8.2,0,1
1448,19,1,1,13.4,16.5,8.0,4,5,2,2,1,0,0,1,4.0,1,1
356,20,1,2,18.0,20.0,8.3,6,5,3,0,0,1,1,1,3.5,2,1
10,19,1,0,12.3,10.7,13.1,18,4,5,1,1,1,1,1,3.5,2,0